Timestamp,Boost Pressure [hPa],Ambient Air Pressure [hPa],Propeller Speed [rpm],Engine Oil Pressure [hPa],Rail Pressure [bar],Power Lever Position [%],Coolant Temperature [deg C],Intake Air Temperature [deg C],Battery Voltage [V],Fuel Pressure [hPa],Gearbox Oil Temperature [deg C],Engine Oil Temperature [deg C],Prop Actuator Duty Cycle [%],Engine Status [bin],Engine Oil Level [mm],Engine Load [%]
2024-08-19 18:57:11,1009,1017,0,0,8.7,0.0,33.5,30.1,29.0,0,34.4,-273.1,0.0,18,0,0.0
2024-08-19 18:57:12,1009,1017,0,0,8.7,0.0,33.5,30.1,29.0,12,34.4,-273.1,0.0,18,0,0.0
2024-08-19 18:57:13,1009,1017,0,0,8.7,0.0,33.5,30.1,29.0,0,34.3,32.8,0.0,18,47,0.0
2024-08-19 18:57:14,1009,1017,0,0,8.7,0.0,33.5,30.1,29.0,0,34.4,32.4,0.0,18,47,0.0
2024-08-19 18:57:15,1009,1017,0,0,8.7,0.0,33.5,30.1,29.0,0,34.4,32.4,0.0,18,47,0.0
2024-08-19 18:57:16,1009,1017,0,0,8.7,0.0,33.5,30.1,29.0,0,34.4,32.4,0.0,18,47,0.0
2024-08-19 18:57:17,-1,-1,-1,-1,-0.1,-0.0,-273.2,-273.2,-0.0,-1,-273.2,-273.2,-0.0,65535,-0,-0.0
2024-08-19 18:57:18,-1,-1,-1,-1,-0.1,-0.0,-273.2,-273.2,-0.0,-1,-273.2,-273.2,-0.0,65535,-0,-0.0
2024-08-19 18:57:19,-1,-1,-1,-1,-0.1,-0.0,-273.2,-273.2,-0.0,-1,-273.2,-273.2,-0.0,65535,-0,-0.0
2024-08-19 18:57:20,-1,-1,-1,-1,-0.1,-0.0,-273.2,-273.2,-0.0,-1,-273.2,-273.2,-0.0,65535,-0,-0.0
2024-08-19 18:57:21,-1,-1,-1,-1,-0.1,-0.0,-273.2,-273.2,-0.0,-1,-273.2,-273.2,-0.0,65535,-0,-0.0
2024-08-19 18:57:22,-1,-1,-1,-1,-0.1,-0.0,-273.2,-273.2,-0.0,-1,-273.2,-273.2,-0.0,65535,-0,-0.0
2024-08-19 18:57:23,-1,-1,-1,-1,-0.1,-0.0,-273.2,-273.2,-0.0,-1,-273.2,-273.2,-0.0,65535,-0,-0.0
2024-08-19 18:57:24,-1,-1,-1,-1,-0.1,-0.0,-273.2,-273.2,-0.0,-1,-273.2,-273.2,-0.0,65535,-0,-0.0
2024-08-19 18:57:25,-1,-1,-1,-1,-0.1,-0.0,-273.2,-273.2,-0.0,-1,-273.2,-273.2,-0.0,65535,-0,-0.0
2024-08-19 18:57:26,-1,-1,-1,-1,-0.1,-0.0,-273.2,-273.2,-0.0,-1,-273.2,-273.2,-0.0,65535,-0,-0.0
2024-08-19 18:57:27,-1,-1,-1,-1,-0.1,-0.0,-273.2,-273.2,-0.0,-1,-273.2,-273.2,-0.0,65535,-0,-0.0
2024-08-19 18:57:28,-1,-1,-1,-1,-0.1,-0.0,-273.2,-273.2,-0.0,-1,-273.2,-273.2,-0.0,65535,-0,-0.0
2024-08-19 18:57:29,-1,-1,-1,-1,-0.1,-0.0,-273.2,-273.2,-0.0,-1,-273.2,-273.2,-0.0,65535,-0,-0.0
2024-08-19 18:57:30,-1,-1,-1,-1,-0.1,-0.0,-273.2,-273.2,-0.0,-1,-273.2,-273.2,-0.0,65535,-0,-0.0
2024-08-19 18:57:31,-1,-1,-1,-1,-0.1,-0.0,-273.2,-273.2,-0.0,-1,-273.2,-273.2,-0.0,65535,-0,-0.0
2024-08-19 18:57:32,-1,-1,-1,-1,-0.1,-0.0,-273.2,-273.2,-0.0,-1,-273.2,-273.2,-0.0,65535,-0,-0.0
2024-08-19 18:57:33,-1,-1,-1,-1,-0.1,-0.0,-273.2,-273.2,-0.0,-1,-273.2,-273.2,-0.0,65535,-0,-0.0
2024-08-19 18:57:34,-1,-1,-1,-1,-0.1,-0.0,-273.2,-273.2,-0.0,-1,-273.2,-273.2,-0.0,65535,-0,-0.0
2024-08-19 18:57:35,-1,-1,-1,-1,-0.1,-0.0,-273.2,-273.2,-0.0,-1,-273.2,-273.2,-0.0,65535,-0,-0.0
2024-08-19 18:57:36,-1,-1,-1,-1,-0.1,-0.0,-273.2,-273.2,-0.0,-1,-273.2,-273.2,-0.0,65535,-0,-0.0
2024-08-19 18:57:37,-1,-1,-1,-1,-0.1,-0.0,-273.2,-273.2,-0.0,-1,-273.2,-273.2,-0.0,65535,-0,-0.0
2024-08-19 18:57:38,-1,-1,-1,-1,-0.1,-0.0,-273.2,-273.2,-0.0,-1,-273.2,-273.2,-0.0,65535,-0,-0.0
2024-08-19 18:57:39,-1,-1,-1,-1,-0.1,-0.0,-273.2,-273.2,-0.0,-1,-273.2,-273.2,-0.0,65535,-0,-0.0
2024-08-19 18:57:40,-1,-1,-1,-1,-0.1,-0.0,-273.2,-273.2,-0.0,-1,-273.2,-273.2,-0.0,65535,-0,-0.0
2024-08-19 18:57:41,-1,-1,-1,-1,-0.1,-0.0,-273.2,-273.2,-0.0,-1,-273.2,-273.2,-0.0,65535,-0,-0.0
2024-08-19 18:57:42,-1,-1,-1,-1,-0.1,-0.0,-273.2,-273.2,-0.0,-1,-273.2,-273.2,-0.0,65535,-0,-0.0
2024-08-19 18:57:43,-1,-1,-1,-1,-0.1,-0.0,-273.2,-273.2,-0.0,-1,-273.2,-273.2,-0.0,65535,-0,-0.0
2024-08-19 18:57:44,-1,-1,-1,-1,-0.1,-0.0,-273.2,-273.2,-0.0,-1,-273.2,-273.2,-0.0,65535,-0,-0.0
2024-08-19 18:57:45,-1,-1,-1,-1,-0.1,-0.0,-273.2,-273.2,-0.0,-1,-273.2,-273.2,-0.0,65535,-0,-0.0
2024-08-19 18:57:46,-1,-1,-1,-1,-0.1,-0.0,-273.2,-273.2,-0.0,-1,-273.2,-273.2,-0.0,65535,-0,-0.0
2024-08-19 18:57:47,-1,-1,-1,-1,-0.1,-0.0,-273.2,-273.2,-0.0,-1,-273.2,-273.2,-0.0,65535,-0,-0.0
2024-08-19 18:57:48,-1,-1,-1,-1,-0.1,-0.0,-273.2,-273.2,-0.0,-1,-273.2,-273.2,-0.0,65535,-0,-0.0
2024-08-19 18:57:49,-1,-1,-1,-1,-0.1,-0.0,-273.2,-273.2,-0.0,-1,-273.2,-273.2,-0.0,65535,-0,-0.0
2024-08-19 18:57:50,-1,-1,-1,-1,-0.1,-0.0,-273.2,-273.2,-0.0,-1,-273.2,-273.2,-0.0,65535,-0,-0.0
2024-08-19 18:57:51,-1,-1,-1,-1,-0.1,-0.0,-273.2,-273.2,-0.0,-1,-273.2,-273.2,-0.0,65535,-0,-0.0
2024-08-19 18:57:52,-1,-1,-1,-1,-0.1,-0.0,-273.2,-273.2,-0.0,-1,-273.2,-273.2,-0.0,65535,-0,-0.0
2024-08-19 18:57:53,-1,-1,-1,-1,-0.1,-0.0,-273.2,-273.2,-0.0,-1,-273.2,-273.2,-0.0,65535,-0,-0.0
2024-08-19 18:57:54,-1,-1,-1,-1,-0.1,-0.0,-273.2,-273.2,-0.0,-1,-273.2,-273.2,-0.0,65535,-0,-0.0
2024-08-19 18:57:55,-1,-1,-1,-1,-0.1,-0.0,-273.2,-273.2,-0.0,-1,-273.2,-273.2,-0.0,65535,-0,-0.0
2024-08-19 18:57:56,-1,-1,-1,-1,-0.1,-0.0,-273.2,-273.2,-0.0,-1,-273.2,-273.2,-0.0,65535,-0,-0.0
2024-08-19 18:57:57,-1,-1,-1,-1,-0.1,-0.0,-273.2,-273.2,-0.0,-1,-273.2,-273.2,-0.0,65535,-0,-0.0
2024-08-19 18:57:58,-1,-1,-1,-1,-0.1,-0.0,-273.2,-273.2,-0.0,-1,-273.2,-273.2,-0.0,65535,-0,-0.0
2024-08-19 18:57:59,-1,-1,-1,-1,-0.1,-0.0,-273.2,-273.2,-0.0,-1,-273.2,-273.2,-0.0,65535,-0,-0.0
2024-08-19 18:58:00,-1,-1,-1,-1,-0.1,-0.0,-273.2,-273.2,-0.0,-1,-273.2,-273.2,-0.0,65535,-0,-0.0
2024-08-19 18:58:01,-1,-1,-1,-1,-0.1,-0.0,-273.2,-273.2,-0.0,-1,-273.2,-273.2,-0.0,65535,-0,-0.0
2024-08-19 18:58:02,-1,-1,-1,-1,-0.1,-0.0,-273.2,-273.2,-0.0,-1,-273.2,-273.2,-0.0,65535,-0,-0.0
2024-08-19 18:58:03,-1,-1,-1,-1,-0.1,-0.0,-273.2,-273.2,-0.0,-1,-273.2,-273.2,-0.0,65535,-0,-0.0
2024-08-19 18:58:04,-1,-1,-1,-1,-0.1,-0.0,-273.2,-273.2,-0.0,-1,-273.2,-273.2,-0.0,65535,-0,-0.0
2024-08-19 18:58:05,-1,-1,-1,-1,-0.1,-0.0,-273.2,-273.2,-0.0,-1,-273.2,-273.2,-0.0,65535,-0,-0.0
2024-08-19 18:58:06,-1,-1,-1,-1,-0.1,-0.0,-273.2,-273.2,-0.0,-1,-273.2,-273.2,-0.0,65535,-0,-0.0
2024-08-19 18:58:07,-1,-1,-1,-1,-0.1,-0.0,-273.2,-273.2,-0.0,-1,-273.2,-273.2,-0.0,65535,-0,-0.0
2024-08-19 18:58:08,-1,-1,-1,-1,-0.1,-0.0,-273.2,-273.2,-0.0,-1,-273.2,-273.2,-0.0,65535,-0,-0.0
2024-08-19 18:58:09,-1,-1,-1,-1,-0.1,-0.0,-273.2,-273.2,-0.0,-1,-273.2,-273.2,-0.0,65535,-0,-0.0
2024-08-19 18:58:10,-1,-1,-1,-1,-0.1,-0.0,-273.2,-273.2,-0.0,-1,-273.2,-273.2,-0.0,65535,-0,-0.0
2024-08-19 18:58:11,-1,-1,-1,-1,-0.1,-0.0,-273.2,-273.2,-0.0,-1,-273.2,-273.2,-0.0,65535,-0,-0.0
2024-08-19 18:58:12,-1,-1,-1,-1,-0.1,-0.0,-273.2,-273.2,-0.0,-1,-273.2,-273.2,-0.0,65535,-0,-0.0
2024-08-19 18:58:13,-1,-1,-1,-1,-0.1,-0.0,-273.2,-273.2,-0.0,-1,-273.2,-273.2,-0.0,65535,-0,-0.0
2024-08-19 18:58:14,-1,-1,-1,-1,-0.1,-0.0,-273.2,-273.2,-0.0,-1,-273.2,-273.2,-0.0,65535,-0,-0.0
2024-08-19 18:58:15,-1,-1,-1,-1,-0.1,-0.0,-273.2,-273.2,-0.0,-1,-273.2,-273.2,-0.0,65535,-0,-0.0
2024-08-19 18:58:16,-1,-1,-1,-1,-0.1,-0.0,-273.2,-273.2,-0.0,-1,-273.2,-273.2,-0.0,65535,-0,-0.0
2024-08-19 18:58:17,-1,-1,-1,-1,-0.1,-0.0,-273.2,-273.2,-0.0,-1,-273.2,-273.2,-0.0,65535,-0,-0.0
2024-08-19 18:58:18,-1,-1,-1,-1,-0.1,-0.0,-273.2,-273.2,-0.0,-1,-273.2,-273.2,-0.0,65535,-0,-0.0
2024-08-19 18:58:19,-1,-1,-1,-1,-0.1,-0.0,-273.2,-273.2,-0.0,-1,-273.2,-273.2,-0.0,65535,-0,-0.0
2024-08-19 18:58:20,-1,-1,-1,-1,-0.1,-0.0,-273.2,-273.2,-0.0,-1,-273.2,-273.2,-0.0,65535,-0,-0.0
2024-08-19 18:58:21,-1,-1,-1,-1,-0.1,-0.0,-273.2,-273.2,-0.0,-1,-273.2,-273.2,-0.0,65535,-0,-0.0
2024-08-19 18:58:22,-1,-1,-1,-1,-0.1,-0.0,-273.2,-273.2,-0.0,-1,-273.2,-273.2,-0.0,65535,-0,-0.0
2024-08-19 18:58:23,-1,-1,-1,-1,-0.1,-0.0,-273.2,-273.2,-0.0,-1,-273.2,-273.2,-0.0,65535,-0,-0.0
2024-08-19 18:58:24,-1,-1,-1,-1,-0.1,-0.0,-273.2,-273.2,-0.0,-1,-273.2,-273.2,-0.0,65535,-0,-0.0
2024-08-19 18:58:25,-1,-1,-1,-1,-0.1,-0.0,-273.2,-273.2,-0.0,-1,-273.2,-273.2,-0.0,65535,-0,-0.0
2024-08-19 18:58:26,1748,946,1931,4515,1182.4,54.1,79.4,35.0,27.2,5433,95.8,114.4,-3.4,108,34,44.1
2024-08-19 18:58:27,1744,946,1935,4506,1178.0,55.0,79.4,35.0,27.3,5592,95.8,114.4,0.0,108,34,44.8
2024-08-19 18:58:28,1815,947,1942,4600,1250.5,58.4,79.4,35.0,27.2,5726,95.8,114.4,-5.5,108,34,49.9
2024-08-19 18:58:29,1857,947,1944,4476,1254.9,59.2,79.4,35.0,27.3,5384,95.5,114.3,-5.8,108,34,51.0
2024-08-19 18:58:30,1875,948,1960,4269,1276.9,59.1,79.4,35.0,27.2,5518,95.5,113.9,0.0,108,34,51.8
2024-08-19 18:58:31,1875,948,1942,4516,1252.7,59.1,79.4,35.0,27.4,5543,95.5,113.9,-6.1,108,34,50.7
2024-08-19 18:58:32,1877,948,1953,4761,1257.1,59.1,79.4,35.0,27.3,5445,95.5,113.9,-2.8,108,34,51.4
2024-08-19 18:58:33,1879,948,1951,4765,1265.9,59.1,79.4,35.0,27.2,5433,95.5,113.9,-3.7,108,34,51.4
2024-08-19 18:58:34,1877,949,1955,4648,1272.5,59.1,79.4,35.0,27.2,5421,95.5,113.9,-2.1,108,34,51.5
2024-08-19 18:58:35,1893,949,1955,4801,1263.7,59.1,79.4,35.0,27.4,5482,95.5,113.9,0.0,108,33,51.5
2024-08-19 18:58:36,1887,949,1964,4626,1265.9,59.1,79.4,35.0,27.3,5323,95.5,113.9,0.0,108,34,52.0
2024-08-19 18:58:37,1890,949,1951,4449,1252.7,59.2,79.4,35.0,27.3,5592,95.5,113.9,-3.7,108,34,51.4
2024-08-19 18:58:38,1890,950,1956,4609,1257.1,59.1,79.4,35.0,27.2,5592,95.5,113.9,-1.8,108,33,51.5
2024-08-19 18:58:39,1887,950,1957,4916,1261.5,59.1,79.4,35.0,27.2,5592,95.5,113.9,0.0,108,33,51.6
2024-08-19 18:58:40,1881,950,1956,4908,1270.3,59.1,79.6,35.0,27.4,5750,95.5,113.9,-2.1,108,33,51.7
2024-08-19 18:58:41,1883,950,1954,4889,1274.7,59.1,79.6,35.0,27.0,5408,95.5,113.9,0.0,108,33,51.5
2024-08-19 18:58:42,1888,952,1949,4881,1252.7,59.1,79.6,35.0,27.4,5396,95.5,113.9,-4.0,108,34,51.2
2024-08-19 18:58:43,1880,952,1957,4854,1276.9,59.1,79.6,35.0,27.3,5616,95.5,113.9,0.0,108,34,51.7
2024-08-19 18:58:44,1878,952,1959,4978,1276.9,59.1,79.6,35.2,27.2,5641,95.2,113.9,0.0,108,34,51.8
2024-08-19 18:58:45,1875,952,1951,4953,1265.9,59.1,79.6,35.2,27.3,5628,95.2,113.5,-3.4,108,34,51.3
2024-08-19 18:58:46,1880,952,1960,5018,1265.9,59.1,79.6,35.2,27.2,5299,95.2,113.9,0.0,108,34,51.8
2024-08-19 18:58:47,1884,953,1958,4549,1259.3,59.1,79.6,35.2,27.2,5469,95.2,113.9,0.0,108,34,51.7
2024-08-19 18:58:48,1887,953,1956,4688,1263.7,59.1,79.6,35.2,27.2,5372,95.2,113.5,0.0,108,33,51.5
2024-08-19 18:58:49,1886,953,1950,4509,1265.9,59.1,79.6,35.2,27.2,5396,95.2,113.5,-4.0,108,33,51.2
2024-08-19 18:58:50,1876,953,1948,4453,1265.9,59.1,79.6,35.2,27.2,5372,95.2,113.5,-4.3,108,33,51.1
2024-08-19 18:58:51,1875,953,1955,4314,1281.3,59.1,79.6,35.2,27.2,5335,95.2,113.5,-2.1,108,34,51.5
2024-08-19 18:58:52,1875,953,1956,4319,1263.7,59.2,79.6,35.2,27.4,5213,95.2,113.5,0.0,108,34,51.7
2024-08-19 18:58:53,1875,953,1966,4501,1265.9,59.1,79.6,35.2,27.2,5457,95.2,113.5,0.0,108,34,52.2
2024-08-19 18:58:54,1880,953,1959,4608,1270.3,59.1,79.6,35.2,27.2,5347,95.2,113.4,0.0,108,34,51.8
2024-08-19 18:58:55,1882,953,1962,4470,1283.5,59.2,79.6,35.2,27.4,5469,95.2,113.5,0.0,108,34,52.0
2024-08-19 18:58:56,1875,953,1964,4691,1270.3,59.1,79.6,35.2,27.4,5445,95.2,113.5,0.0,108,34,52.1
2024-08-19 18:58:57,1874,953,1947,4779,1259.3,59.1,79.6,35.2,27.0,5469,95.2,113.5,-4.6,108,34,51.0
2024-08-19 18:58:58,1870,953,1965,4920,1268.1,59.1,79.8,35.2,27.2,5641,95.2,113.4,0.0,108,34,52.1
2024-08-19 18:58:59,1869,954,1952,4552,1254.9,59.1,79.8,35.2,27.4,5360,95.2,113.4,-3.4,108,34,51.4
2024-08-19 18:59:00,1876,954,1970,4572,1285.7,59.1,79.8,35.2,27.1,5811,95.2,113.4,0.0,108,34,52.4
2024-08-19 18:59:01,1889,954,1962,4532,1281.3,59.1,79.8,35.2,27.4,5384,95.2,113.4,0.0,108,34,52.0
2024-08-19 18:59:02,1885,954,1959,4734,1281.3,59.1,79.8,35.2,27.4,5518,95.2,113.4,0.0,108,34,51.8
2024-08-19 18:59:03,1877,953,1960,4350,1276.9,59.2,79.8,35.2,27.4,5506,95.2,113.4,0.0,108,33,51.8
2024-08-19 18:59:04,1869,954,1950,4326,1270.3,59.1,79.8,35.2,27.2,5494,95.2,113.0,-3.7,108,33,51.3
2024-08-19 18:59:05,1871,954,1961,4266,1274.7,59.1,79.8,35.4,27.2,5421,95.2,113.0,0.0,108,33,51.8
2024-08-19 18:59:06,1875,954,1960,4660,1270.3,59.1,79.8,35.2,27.2,5641,95.0,113.4,0.0,108,34,51.9
2024-08-19 18:59:07,1877,954,1960,4543,1261.5,59.2,79.8,35.4,27.3,5543,95.0,113.0,0.0,108,34,51.9
2024-08-19 18:59:08,1876,954,1958,4553,1272.5,59.1,79.8,35.4,27.2,5506,95.0,113.0,0.0,108,34,51.7
2024-08-19 18:59:09,1868,954,1957,4765,1261.5,59.1,79.8,35.2,27.3,5482,95.0,113.0,0.0,108,34,51.7
2024-08-19 18:59:10,1878,954,1959,4531,1290.0,59.1,79.8,35.4,27.2,5445,95.0,113.0,0.0,108,34,51.8
2024-08-19 18:59:11,1866,954,1950,4418,1254.9,59.1,79.8,35.4,27.4,5360,95.0,113.0,-3.7,108,34,51.2
2024-08-19 18:59:12,1877,954,1969,4619,1290.0,59.1,79.8,35.4,27.3,5811,95.0,113.0,0.0,108,34,52.4
2024-08-19 18:59:13,1880,954,1959,4365,1265.9,59.1,79.8,35.4,27.3,5494,95.0,113.0,0.0,108,34,51.8
2024-08-19 18:59:14,1883,954,1960,4628,1283.5,59.1,79.8,35.4,27.3,5592,95.0,113.0,0.0,108,34,51.8
2024-08-19 18:59:15,1871,954,1965,4433,1287.8,59.1,79.8,35.4,27.3,5506,95.0,113.0,0.0,108,34,52.1
2024-08-19 18:59:16,1875,954,1955,4558,1276.9,59.1,79.8,35.4,27.3,5518,95.0,113.0,0.0,108,34,51.5
2024-08-19 18:59:17,1875,954,1948,4782,1261.5,59.1,79.8,35.4,27.4,5347,95.0,113.0,-4.3,108,34,51.1
2024-08-19 18:59:18,1871,954,1947,4680,1254.9,59.1,79.8,35.4,27.4,5482,95.0,113.0,-4.9,108,34,51.1
2024-08-19 18:59:19,1876,954,1957,4415,1268.1,59.1,79.8,35.4,27.4,5445,95.0,113.0,0.0,108,34,51.7
2024-08-19 18:59:20,1874,954,1960,4711,1265.9,59.1,80.0,35.4,27.2,5408,95.0,113.0,0.0,108,34,51.8
2024-08-19 18:59:21,1864,954,1952,4857,1265.9,59.1,80.0,35.4,27.2,5506,95.0,113.0,-3.1,108,34,51.4
2024-08-19 18:59:22,1873,954,1968,4735,1281.3,59.1,80.0,35.4,27.2,5421,95.0,113.0,0.0,108,35,52.2
2024-08-19 18:59:23,1867,954,1956,4453,1274.7,59.1,80.0,35.4,27.3,5457,95.0,113.0,0.0,108,34,51.6
2024-08-19 18:59:24,1863,954,1955,4310,1252.7,59.1,80.0,35.4,27.4,5469,95.0,113.0,-2.1,108,34,51.5
2024-08-19 18:59:25,1876,954,1953,4633,1281.3,59.1,80.0,35.4,27.2,5555,95.0,113.0,0.0,108,34,51.5
2024-08-19 18:59:26,1869,954,1957,4684,1261.5,59.1,80.0,35.4,27.3,5396,95.0,113.0,0.0,108,34,51.7
2024-08-19 18:59:27,1876,954,1968,4639,1265.9,59.1,80.0,35.4,27.2,5396,95.0,113.0,0.0,108,34,52.3
2024-08-19 18:59:28,1875,954,1962,4607,1283.5,59.1,80.0,35.4,27.2,5482,95.0,113.0,0.0,108,35,52.0
2024-08-19 18:59:29,1872,954,1959,4465,1263.7,59.1,80.0,35.4,27.3,5457,95.0,113.0,0.0,108,35,51.6
2024-08-19 18:59:30,1869,954,1957,4740,1272.5,59.1,80.0,35.4,27.4,5531,95.0,113.0,0.0,108,35,51.6
2024-08-19 18:59:31,1869,954,1957,4665,1261.5,59.1,80.0,35.4,27.3,5457,95.0,112.6,0.0,108,35,51.7
2024-08-19 18:59:32,1865,954,1956,4312,1270.3,59.1,80.0,35.4,27.3,5531,95.0,112.6,-1.8,108,34,51.5
2024-08-19 18:59:33,1863,954,1959,4325,1279.1,59.1,80.0,35.4,27.2,5445,95.0,112.6,0.0,108,34,51.7
2024-08-19 18:59:34,1871,954,1962,4543,1263.7,59.1,80.0,35.5,27.4,5604,95.0,112.6,0.0,108,34,52.0
2024-08-19 18:59:35,1869,954,1951,4786,1257.1,59.1,80.0,35.4,27.4,5433,95.0,112.6,-3.4,108,34,51.3
2024-08-19 18:59:36,1866,954,1957,4751,1263.7,59.2,80.0,35.4,27.2,5286,95.0,112.6,-1.8,108,34,51.7
2024-08-19 18:59:37,1871,954,1958,4516,1274.7,59.1,80.0,35.4,27.1,5543,95.0,112.6,0.0,108,35,51.7
2024-08-19 18:59:38,1871,954,1956,4559,1281.3,59.1,80.0,35.4,27.1,5347,95.0,112.6,0.0,108,35,51.5
2024-08-19 18:59:39,1867,954,1954,4774,1261.5,59.1,80.0,35.4,27.4,5408,95.0,112.6,0.0,108,35,51.5
2024-08-19 18:59:40,1865,954,1955,4889,1274.7,59.1,80.0,35.4,27.2,5372,95.0,112.6,-2.1,108,34,51.5
2024-08-19 18:59:41,1863,954,1950,4723,1265.9,59.1,80.0,35.4,27.3,5482,95.0,112.6,-3.7,108,35,51.3
2024-08-19 18:59:42,1863,954,1953,4375,1265.9,59.1,80.0,35.4,27.1,5396,95.0,112.6,-2.8,108,35,51.4
2024-08-19 18:59:43,1862,954,1952,4258,1261.5,59.2,80.0,35.4,27.3,5494,95.0,112.6,-3.4,108,35,51.4
2024-08-19 18:59:44,1867,954,1954,4366,1252.7,59.1,80.0,35.4,27.1,5665,95.0,112.6,0.0,108,35,51.5
2024-08-19 18:59:45,1866,954,1957,4692,1261.5,59.1,80.0,35.4,27.4,5653,95.0,112.6,0.0,108,34,51.7
2024-08-19 18:59:46,1860,954,1950,4863,1254.9,59.1,80.0,35.4,27.4,5469,95.0,112.6,-3.6,108,34,51.3
2024-08-19 18:59:47,1858,954,1963,4943,1281.3,59.1,80.2,35.4,27.2,5433,95.0,112.6,0.0,108,34,52.1
2024-08-19 18:59:48,1863,954,1951,4503,1263.7,59.4,80.0,35.5,27.4,5323,95.0,112.6,-4.0,108,34,51.7
2024-08-19 18:59:49,1910,954,1963,4472,1318.6,61.8,80.0,35.5,27.2,5482,95.0,112.6,-3.4,108,34,55.1
2024-08-19 18:59:50,1932,954,1968,4739,1318.6,61.9,80.0,35.5,27.3,5469,95.0,112.6,0.0,108,34,55.3
2024-08-19 18:59:51,1989,954,1959,4699,1334.0,63.5,80.0,35.5,27.2,5555,95.0,112.6,-6.8,108,35,56.4
2024-08-19 18:59:52,1996,954,1972,4540,1351.6,63.4,80.0,35.5,27.2,5628,95.0,112.6,-2.5,108,35,57.1
2024-08-19 18:59:53,2011,954,1979,4636,1358.2,63.5,80.2,35.5,27.4,5408,94.7,112.6,0.0,108,35,57.6
2024-08-19 18:59:54,2078,954,1991,4554,1457.1,68.9,80.2,35.5,27.3,5360,95.0,112.5,-3.7,108,34,63.5
2024-08-19 18:59:55,2141,954,1979,4630,1432.9,68.9,80.2,35.5,27.3,5457,95.0,112.5,-7.4,108,34,63.0
2024-08-19 18:59:56,2158,954,1992,4497,1441.7,70.2,80.2,35.5,27.3,5445,95.0,112.6,-5.2,108,34,64.8
2024-08-19 18:59:57,2195,954,1995,4520,1470.3,70.4,80.2,35.5,27.4,5494,95.0,112.6,-4.3,108,33,65.2
2024-08-19 18:59:58,2209,954,1997,4611,1463.7,70.5,80.2,35.7,27.4,5311,94.7,112.6,-4.0,108,33,65.3
2024-08-19 18:59:59,2213,954,2000,4599,1461.5,70.4,80.2,35.7,27.3,5482,95.0,112.6,-3.1,108,33,65.4
2024-08-19 19:00:00,2221,954,1998,4518,1468.1,70.4,80.2,35.7,27.3,5469,95.0,112.6,-3.4,108,33,65.4
2024-08-19 19:00:01,2221,954,1998,4558,1452.7,70.4,80.4,35.7,27.2,5347,94.7,112.6,-3.7,108,33,65.4
2024-08-19 19:00:02,2227,954,2003,4619,1450.5,70.4,80.4,35.7,27.5,5262,95.0,112.6,0.0,108,32,65.6
2024-08-19 19:00:03,2224,954,2002,4626,1454.9,70.4,80.4,35.9,27.3,5433,95.0,112.5,-2.4,108,33,65.6
2024-08-19 19:00:04,2220,954,2004,4562,1457.1,70.4,80.4,35.9,27.4,5299,95.0,112.5,-1.8,108,33,65.7
2024-08-19 19:00:05,2222,954,2000,4577,1468.1,70.4,80.4,35.9,27.4,5360,95.0,112.6,-3.1,108,33,65.5
2024-08-19 19:00:06,2223,954,2001,4702,1457.1,70.4,80.6,35.9,27.3,5628,95.0,112.6,0.0,108,33,65.5
2024-08-19 19:00:07,2229,954,2005,4707,1461.5,70.4,80.6,35.9,27.3,5445,95.0,112.6,0.0,108,33,65.7
2024-08-19 19:00:08,2230,954,2002,4675,1472.5,70.4,80.6,36.1,27.3,5384,95.0,112.6,-2.4,108,33,65.6
2024-08-19 19:00:09,2227,954,2004,4653,1470.3,70.4,80.6,36.1,27.3,5384,95.0,112.6,0.0,108,32,65.6
2024-08-19 19:00:10,2224,954,1998,4566,1461.5,70.6,80.6,36.1,27.2,5494,95.0,112.6,-3.7,108,32,65.5
2024-08-19 19:00:11,2237,954,2007,4515,1468.1,70.9,80.8,36.1,27.4,5494,95.0,112.5,0.0,108,32,66.3
2024-08-19 19:00:12,2241,954,2007,4567,1465.9,70.9,80.8,36.1,27.4,5531,95.0,112.6,0.0,108,33,66.3
2024-08-19 19:00:13,2246,954,2009,4579,1470.3,70.9,80.8,36.1,27.4,5238,95.0,112.6,0.0,108,33,66.4
2024-08-19 19:00:14,2243,954,2002,4632,1470.3,70.9,80.8,36.1,27.4,5347,95.0,112.6,-3.1,108,33,66.0
2024-08-19 19:00:15,2240,954,2001,4607,1463.7,70.9,80.8,36.3,27.2,5299,95.0,112.6,-3.4,108,32,66.0
2024-08-19 19:00:16,2242,954,2004,4700,1463.7,70.9,80.6,36.3,27.3,5347,95.0,112.6,-2.5,108,33,66.2
2024-08-19 19:00:17,2252,954,2010,4672,1479.1,70.9,80.6,36.3,27.2,5457,95.0,112.6,0.0,108,33,66.5
2024-08-19 19:00:18,2250,954,1998,4722,1470.3,71.0,80.4,36.3,27.3,5872,95.0,112.6,-4.3,108,33,65.9
2024-08-19 19:00:19,2237,954,1999,4629,1474.7,70.9,80.4,36.3,27.4,5665,95.0,112.6,-4.0,108,33,66.0
2024-08-19 19:00:20,2249,954,2008,4483,1476.9,70.9,80.2,36.4,27.2,5408,95.0,112.6,0.0,108,33,66.4
2024-08-19 19:00:21,2255,954,2007,4600,1470.3,70.9,80.2,36.4,27.2,5506,95.0,112.6,0.0,108,33,66.3
2024-08-19 19:00:22,2246,954,2000,4621,1476.9,71.0,80.2,36.4,27.2,5518,95.0,112.6,-3.7,108,33,65.9
2024-08-19 19:00:23,2244,954,1998,4608,1474.7,71.0,80.2,36.4,27.2,5262,95.0,112.6,-4.3,108,33,65.9
2024-08-19 19:00:24,2242,954,2004,4576,1470.3,71.0,80.2,36.4,27.4,5347,95.0,112.6,0.0,108,32,66.2
2024-08-19 19:00:25,2241,954,2010,4509,1479.1,71.0,80.2,36.4,27.3,5408,95.0,112.6,0.0,108,32,66.5
2024-08-19 19:00:26,2245,954,2005,4489,1463.7,70.9,80.2,36.4,27.2,5274,95.0,112.6,0.0,108,32,66.3
2024-08-19 19:00:27,2239,954,2001,4490,1479.1,70.9,80.4,36.6,27.3,5347,95.0,112.6,-3.4,108,33,66.1
2024-08-19 19:00:28,2244,954,2006,4498,1457.1,71.0,80.4,36.6,27.5,5360,95.0,112.6,0.0,108,33,66.3
2024-08-19 19:00:29,2242,954,2007,4478,1470.3,70.9,80.4,36.6,27.4,5469,95.0,112.6,-1.5,108,33,66.3
2024-08-19 19:00:30,2244,954,2012,4461,1479.1,71.0,80.4,36.6,27.4,5445,95.2,112.6,0.0,108,33,66.5
2024-08-19 19:00:31,2246,954,2010,4483,1476.9,70.9,80.4,36.6,27.3,5323,95.2,112.6,0.0,108,33,66.5
2024-08-19 19:00:32,2250,954,2016,4572,1463.7,70.9,80.4,36.6,27.4,5494,95.2,112.6,0.0,108,33,66.7
2024-08-19 19:00:33,2250,954,2008,4627,1468.1,70.9,80.4,36.8,27.4,5372,95.2,112.6,0.0,108,32,66.4
2024-08-19 19:00:34,2244,954,2003,4503,1474.7,70.9,80.4,36.8,27.3,5506,95.2,112.6,0.0,108,32,66.1
2024-08-19 19:00:35,2243,954,2007,4544,1463.7,70.9,80.4,36.8,27.4,5445,95.2,112.6,0.0,108,32,66.3
2024-08-19 19:00:36,2243,954,2008,4547,1481.3,71.0,80.4,36.8,27.4,5372,95.2,112.6,0.0,108,32,66.5
2024-08-19 19:00:37,2234,954,2003,4477,1481.3,70.9,80.4,36.8,27.3,5250,95.2,112.6,-2.8,108,32,66.1
2024-08-19 19:00:38,2241,954,2007,4609,1472.5,71.0,80.4,37.0,27.2,5579,95.2,112.6,0.0,108,32,66.4
2024-08-19 19:00:39,2237,954,2000,4620,1461.5,70.9,80.4,37.0,27.1,5433,95.2,112.6,-3.7,108,33,66.0
2024-08-19 19:00:40,2236,954,2011,4625,1468.1,71.0,80.4,37.0,27.3,5494,95.2,112.6,0.0,108,33,66.5
2024-08-19 19:00:41,2236,954,2013,4640,1481.3,70.9,80.4,37.0,27.4,5457,95.2,112.6,0.0,108,33,66.6
2024-08-19 19:00:42,2241,954,2005,4708,1474.7,71.0,80.4,37.2,27.4,5750,95.2,112.6,0.0,108,33,66.3
2024-08-19 19:00:43,2242,954,2005,4499,1474.7,71.0,80.4,37.2,27.1,5494,95.2,112.6,0.0,108,33,66.3
2024-08-19 19:00:44,2246,954,2014,4482,1476.9,71.0,80.4,37.2,27.2,5311,95.2,112.6,0.0,108,33,66.7
2024-08-19 19:00:45,2252,954,2009,4499,1479.1,70.9,80.4,37.2,27.4,5897,95.2,112.6,0.0,108,33,66.4
2024-08-19 19:00:46,2255,954,2016,4519,1470.3,71.0,80.4,37.2,27.5,5653,95.2,112.6,0.0,108,33,66.8
2024-08-19 19:00:47,2259,954,2024,4652,1490.1,70.9,80.4,37.3,27.5,5567,95.2,112.6,3.7,108,33,67.2
2024-08-19 19:00:48,2252,954,2010,4572,1487.9,71.0,80.4,37.3,27.4,5201,95.2,112.6,0.0,108,33,66.5
2024-08-19 19:00:49,2246,954,2021,4589,1476.9,71.0,80.4,37.3,27.2,5445,95.2,112.6,0.0,108,32,67.0
2024-08-19 19:00:50,2243,954,2005,4597,1468.1,71.0,80.4,37.3,27.3,5628,95.2,112.6,0.0,108,33,66.3
2024-08-19 19:00:51,2232,954,2008,4719,1472.5,71.0,80.4,37.3,27.1,5763,95.2,112.6,0.0,108,33,66.4
2024-08-19 19:00:52,2244,954,2017,4574,1479.1,71.0,80.4,37.3,27.3,5421,95.2,113.0,0.0,108,32,66.9
2024-08-19 19:00:53,2239,954,2007,4401,1479.1,71.0,80.4,37.3,27.3,5421,95.2,113.0,-1.5,108,32,66.3
2024-08-19 19:00:54,2237,954,2008,4478,1474.7,71.0,80.4,37.3,27.3,5274,95.2,113.0,0.0,108,32,66.4
2024-08-19 19:00:55,2239,954,2008,4602,1470.3,71.0,80.4,37.3,27.3,5274,95.2,112.6,0.0,108,32,66.4
2024-08-19 19:00:56,2241,954,2013,4579,1476.9,71.0,80.4,37.3,27.2,5579,95.2,113.0,0.0,108,33,66.6
2024-08-19 19:00:57,2240,954,2008,4656,1468.1,70.9,80.4,37.3,27.2,5689,95.5,113.0,0.0,108,33,66.4
2024-08-19 19:00:58,2233,954,2005,4719,1468.1,70.9,80.4,37.3,27.2,5885,95.5,113.0,0.0,108,32,66.2
2024-08-19 19:00:59,2232,954,2004,4570,1468.1,70.9,80.4,37.3,27.3,5531,95.2,113.0,0.0,108,32,66.1
2024-08-19 19:01:00,2240,954,2005,4571,1483.5,71.0,80.4,37.3,27.3,5360,95.5,113.0,0.0,108,32,66.3
2024-08-19 19:01:01,2243,954,2011,4531,1465.9,70.9,80.4,37.3,27.3,5372,95.5,113.0,0.0,108,32,66.6
2024-08-19 19:01:02,2243,954,2007,4381,1461.5,70.9,80.4,37.3,27.3,5311,95.2,112.6,0.0,108,32,66.3
2024-08-19 19:01:03,2246,954,2017,4430,1483.5,70.9,80.4,37.5,27.4,5592,95.5,112.6,0.0,108,32,66.7
2024-08-19 19:01:04,2246,954,2012,4465,1479.1,70.9,80.4,37.3,27.4,5347,95.5,112.6,0.0,108,32,66.5
2024-08-19 19:01:05,2247,954,2003,4607,1465.9,70.9,80.4,37.5,27.3,5543,95.5,113.0,0.0,108,32,66.1
2024-08-19 19:01:06,2246,954,2019,4649,1481.3,70.9,80.4,37.5,27.4,5494,95.5,113.0,0.0,108,32,66.9
2024-08-19 19:01:07,2245,954,2011,4567,1481.3,70.9,80.4,37.5,27.4,5543,95.5,113.0,0.0,108,32,66.5
2024-08-19 19:01:08,2249,954,2003,4591,1450.5,70.9,80.4,37.5,27.3,5506,95.5,113.0,0.0,108,32,66.1
2024-08-19 19:01:09,2237,954,2013,4542,1468.1,70.9,80.4,37.5,27.3,5335,95.5,113.0,0.0,108,32,66.6
2024-08-19 19:01:10,2242,954,2001,4603,1476.9,71.0,80.4,37.5,27.4,5408,95.5,113.0,-3.4,108,32,66.1
2024-08-19 19:01:11,2236,954,2006,4529,1465.9,70.9,80.4,37.5,27.3,5347,95.5,113.0,0.0,108,32,66.2
2024-08-19 19:01:12,2228,954,2008,4573,1472.5,70.9,80.4,37.5,27.2,5262,95.5,113.0,0.0,108,32,66.3
2024-08-19 19:01:13,2239,954,2022,4577,1483.5,70.9,80.4,37.5,27.2,5482,95.5,113.0,3.4,108,32,67.0
2024-08-19 19:01:14,2241,954,1999,4656,1459.3,70.9,80.4,37.5,27.4,5274,95.5,113.0,-4.0,108,32,65.9
2024-08-19 19:01:15,2241,954,2005,4610,1459.3,70.9,80.4,37.5,27.3,5372,95.5,113.0,0.0,108,32,66.2
2024-08-19 19:01:16,2236,954,2015,4459,1481.3,70.9,80.4,37.3,27.4,5335,95.5,113.0,0.0,108,32,66.7
2024-08-19 19:01:17,2229,954,2002,4427,1476.9,70.9,80.4,37.3,27.4,5372,95.5,113.0,-3.1,108,32,66.0
2024-08-19 19:01:18,2229,954,2009,4576,1481.3,71.0,80.4,37.3,27.3,5799,95.5,113.0,0.0,108,32,66.4
2024-08-19 19:01:19,2244,954,2018,4656,1485.7,70.9,80.4,37.3,27.3,5555,95.5,113.0,0.0,108,32,66.8
2024-08-19 19:01:20,2234,954,2013,4560,1472.5,70.8,80.4,37.3,27.3,5384,95.5,113.0,0.0,108,32,66.5
2024-08-19 19:01:21,2243,954,2020,4569,1476.9,70.9,80.4,37.2,27.3,5482,95.5,113.0,2.5,108,32,66.9
2024-08-19 19:01:22,2241,954,2010,4566,1472.5,70.9,80.4,37.2,27.4,5384,95.5,113.0,0.0,108,32,66.4
2024-08-19 19:01:23,2238,954,2000,4612,1479.1,71.0,80.4,37.2,27.3,5250,95.5,113.0,-3.7,108,32,66.0
2024-08-19 19:01:24,2227,954,2002,4601,1470.3,70.9,80.4,37.2,27.2,5299,95.5,113.0,-3.1,108,32,66.0
2024-08-19 19:01:25,2231,954,2000,4646,1468.1,71.2,80.4,37.2,27.4,5714,95.5,113.0,-4.0,108,32,66.1
2024-08-19 19:01:26,2250,954,2012,4540,1494.4,72.6,80.4,37.2,27.4,5372,95.5,113.0,-2.1,108,32,68.2
2024-08-19 19:01:27,2251,954,2012,4596,1498.8,72.6,80.4,37.0,27.4,5482,95.5,113.0,-2.1,108,32,68.2
2024-08-19 19:01:28,2255,954,2015,4625,1492.3,72.6,80.4,37.0,27.3,5177,95.5,113.0,0.0,108,32,68.3
2024-08-19 19:01:29,2262,954,2008,4675,1501.0,72.6,80.4,37.0,27.5,5543,95.5,113.0,-3.4,108,32,68.0
2024-08-19 19:01:30,2259,954,2015,4594,1498.8,72.6,80.4,37.0,27.3,5384,95.5,113.0,0.0,108,32,68.3
2024-08-19 19:01:31,2262,954,2007,4690,1487.9,72.5,80.4,37.0,27.2,5567,95.5,113.0,-3.4,108,32,67.8
2024-08-19 19:01:32,2259,954,2017,4668,1501.0,72.6,80.4,37.0,27.4,5518,95.5,113.0,0.0,108,32,68.4
2024-08-19 19:01:33,2262,954,2011,4610,1487.9,72.6,80.4,37.0,27.4,5360,95.5,113.0,0.0,108,32,68.1
2024-08-19 19:01:34,2256,954,2007,4765,1483.5,72.6,80.4,37.0,27.1,5421,95.5,113.0,-3.4,108,32,67.8
2024-08-19 19:01:35,2260,954,2021,4606,1507.6,72.6,80.4,37.0,27.3,5567,95.5,113.0,0.0,108,32,68.6
2024-08-19 19:01:36,2262,954,2011,4656,1503.2,72.6,80.4,37.0,27.3,5469,95.5,113.0,-2.5,108,33,68.1
2024-08-19 19:01:37,2256,954,2010,4693,1490.1,72.6,80.4,37.0,27.3,5299,95.8,113.0,0.0,108,33,68.1
2024-08-19 19:01:38,2264,954,2020,4589,1505.4,72.6,80.6,37.0,27.4,5274,95.5,113.0,0.0,108,33,68.5
2024-08-19 19:01:39,2259,954,2013,4492,1503.2,72.7,80.4,37.0,27.3,5714,95.8,113.0,0.0,108,33,68.4
2024-08-19 19:01:40,2260,954,2015,4567,1487.9,72.6,80.6,37.0,27.3,5604,95.8,113.0,0.0,108,33,68.3
2024-08-19 19:01:41,2262,954,2014,4573,1496.6,72.6,80.6,37.2,27.2,5323,95.8,113.0,0.0,108,33,68.3
2024-08-19 19:01:42,2261,954,2011,4591,1494.4,72.6,80.4,37.2,27.4,5457,95.8,113.0,0.0,108,32,68.1
2024-08-19 19:01:43,2256,954,2014,4574,1492.3,72.6,80.6,37.2,27.5,5384,95.5,113.0,-1.5,108,32,68.3
2024-08-19 19:01:44,2260,954,2020,4685,1501.0,72.6,80.6,37.2,27.4,5347,95.8,113.0,0.0,108,33,68.5
2024-08-19 19:01:45,2259,954,2010,4600,1498.8,72.6,80.4,37.2,27.4,5592,95.8,113.0,0.0,108,32,68.1
2024-08-19 19:01:46,2261,954,2016,4591,1498.8,72.7,80.6,37.2,27.4,5616,95.8,113.0,0.0,108,32,68.5
2024-08-19 19:01:47,2261,954,2014,4545,1496.6,72.6,80.6,37.2,27.2,5469,95.8,113.0,0.0,108,33,68.2
2024-08-19 19:01:48,2263,954,2011,4645,1490.1,72.6,80.6,37.2,27.4,5164,95.8,113.0,0.0,108,32,68.2
2024-08-19 19:01:49,2257,954,2015,4613,1496.6,72.6,80.6,37.3,27.4,5433,95.8,113.0,0.0,108,33,68.3
2024-08-19 19:01:50,2264,954,2016,4671,1498.8,72.6,80.6,37.3,27.4,5299,95.8,113.0,0.0,108,33,68.3
2024-08-19 19:01:51,2266,954,2016,4642,1501.0,72.6,80.6,37.3,27.3,5299,95.8,113.0,0.0,108,32,68.3
2024-08-19 19:01:52,2274,954,2020,4592,1507.6,72.6,80.6,37.3,27.4,5567,95.8,113.0,0.0,108,32,68.5
2024-08-19 19:01:53,2266,954,2017,4516,1498.8,72.6,80.6,37.3,27.4,5299,95.8,113.0,0.0,108,32,68.4
2024-08-19 19:01:54,2264,954,2020,4631,1501.0,72.6,80.6,37.3,27.4,5396,95.8,113.0,0.0,108,32,68.6
2024-08-19 19:01:55,2261,954,2014,4577,1490.1,72.5,80.6,37.3,27.3,5384,95.8,113.0,0.0,108,32,68.2
2024-08-19 19:01:56,2265,954,2018,4590,1505.4,72.6,80.6,37.5,27.5,5347,95.8,113.0,0.0,108,32,68.4
2024-08-19 19:01:57,2261,954,2013,4544,1503.2,72.6,80.6,37.5,27.4,5250,95.8,113.0,0.0,108,32,68.2
2024-08-19 19:01:58,2254,954,2011,4691,1481.3,72.6,80.6,37.5,27.2,5286,95.8,113.0,0.0,108,32,68.1
2024-08-19 19:01:59,2261,954,2013,4565,1485.7,72.6,80.6,37.5,27.2,5372,95.8,113.0,-1.8,108,32,68.2
2024-08-19 19:02:00,2253,954,2010,4641,1492.3,72.6,80.6,37.5,27.4,5274,95.8,113.0,-2.7,108,32,68.1
2024-08-19 19:02:01,2260,954,2012,4597,1492.3,72.6,80.6,37.5,27.4,5457,95.8,113.4,0.0,108,33,68.2
2024-08-19 19:02:02,2260,954,2026,4443,1501.0,72.6,80.6,37.5,27.4,5421,95.8,113.4,0.0,108,33,68.8
2024-08-19 19:02:03,2264,954,2017,4612,1503.2,72.7,80.6,37.5,27.4,5433,95.8,113.0,0.0,108,33,68.4
2024-08-19 19:02:04,2263,954,2019,4536,1498.8,72.6,80.6,37.7,27.4,5372,95.8,113.4,0.0,108,33,68.5
2024-08-19 19:02:05,2266,954,2014,4553,1498.8,72.6,80.6,37.7,27.4,5457,95.8,113.4,0.0,108,33,68.3
2024-08-19 19:02:06,2265,954,2017,4567,1487.9,72.6,80.6,37.7,27.5,5408,95.8,113.0,0.0,108,32,68.4
2024-08-19 19:02:07,2267,954,2020,4587,1503.2,72.6,80.6,37.7,27.2,5408,95.8,113.0,0.0,108,33,68.5
2024-08-19 19:02:08,2264,954,2017,4536,1498.8,72.6,80.6,37.7,27.4,5421,95.8,113.0,0.0,108,33,68.4
2024-08-19 19:02:09,2271,954,2020,4447,1505.4,72.6,80.6,37.7,27.4,5360,95.8,113.4,0.0,108,32,68.5
2024-08-19 19:02:10,2241,954,1994,4572,1393.3,66.1,80.6,37.7,27.3,5396,95.8,113.4,0.0,108,32,61.5
2024-08-19 19:02:11,2119,954,2008,4440,1371.4,63.5,80.6,37.7,27.4,5311,95.8,113.4,8.3,108,32,59.3
2024-08-19 19:02:12,2055,954,1989,4525,1309.8,61.5,80.6,37.7,27.3,5531,95.8,113.4,4.9,108,32,56.2
2024-08-19 19:02:13,1996,954,1973,4536,1283.5,60.7,80.6,37.7,27.4,5457,95.8,113.4,0.0,108,32,54.5
2024-08-19 19:02:14,1985,954,1983,4592,1309.8,60.7,80.6,37.5,27.2,5714,96.1,113.4,4.3,108,32,55.0
2024-08-19 19:02:15,1972,954,1973,4752,1309.8,60.7,80.6,37.5,27.4,5433,96.1,113.4,0.0,108,32,54.5
2024-08-19 19:02:16,1972,954,1973,4583,1309.8,60.7,80.6,37.5,27.4,5384,96.1,113.4,0.0,108,33,54.5
2024-08-19 19:02:17,1972,954,1979,4595,1283.5,60.6,80.6,37.5,27.4,5360,95.8,113.4,3.1,108,33,54.8
2024-08-19 19:02:18,1975,954,1975,4556,1312.0,60.6,80.6,37.5,27.4,5408,96.1,113.4,0.0,108,33,54.6
2024-08-19 19:02:19,1985,954,1966,4585,1296.6,60.6,80.6,37.5,27.3,5262,96.1,113.4,0.0,108,33,54.0
2024-08-19 19:02:20,1973,954,1967,4570,1301.0,60.6,80.4,37.3,27.4,5433,95.8,113.4,0.0,108,33,54.1
2024-08-19 19:02:21,1975,954,1968,4468,1314.2,60.7,80.4,37.3,27.2,5421,95.8,113.4,0.0,108,33,54.2
2024-08-19 19:02:22,1981,954,1973,4496,1303.2,60.6,80.4,37.3,27.3,5384,96.1,113.4,0.0,108,33,54.4
2024-08-19 19:02:23,1981,954,1968,4478,1283.5,60.6,80.4,37.2,27.1,5347,95.8,113.5,0.0,108,33,54.1
2024-08-19 19:02:24,1982,954,1967,4469,1283.5,60.6,80.4,37.2,27.3,5347,96.1,113.5,0.0,108,33,54.0
2024-08-19 19:02:25,1989,954,1979,4564,1305.4,60.7,80.2,37.2,27.3,5433,96.1,113.4,0.0,108,33,54.8
2024-08-19 19:02:26,1994,954,1971,4627,1287.8,60.6,80.2,37.0,27.1,5384,96.1,113.4,0.0,108,32,54.2
2024-08-19 19:02:27,1995,954,1966,4658,1292.2,60.7,80.2,37.0,27.3,5299,96.1,113.4,0.0,108,32,54.1
2024-08-19 19:02:28,1980,954,1965,4565,1303.2,60.6,80.2,37.0,27.2,5421,96.1,113.4,0.0,108,32,53.9
2024-08-19 19:02:29,1970,954,1962,4531,1296.6,60.6,80.0,37.0,27.3,5335,96.1,113.4,-2.1,108,32,53.8
2024-08-19 19:02:30,1974,954,1959,4671,1276.9,60.6,80.0,37.0,27.4,5592,96.1,113.4,-3.1,108,32,53.6
2024-08-19 19:02:31,1967,954,1964,4538,1305.4,60.6,80.0,36.8,27.2,5518,96.1,113.4,0.0,108,32,53.8
2024-08-19 19:02:32,1973,954,1971,4661,1292.2,60.6,80.0,36.8,27.3,5592,96.1,113.0,0.0,108,32,54.2
2024-08-19 19:02:33,1971,954,1959,4726,1290.0,60.6,80.0,36.8,27.4,5433,95.8,113.0,-3.1,108,32,53.5
2024-08-19 19:02:34,1967,954,1969,4503,1290.0,60.6,80.0,36.8,27.2,5360,96.1,113.4,0.0,108,32,54.1
2024-08-19 19:02:35,1962,954,1960,4734,1265.9,59.3,80.0,36.8,27.4,5421,96.1,113.0,0.0,108,32,52.3
2024-08-19 19:02:36,1944,954,1967,4497,1279.1,59.1,80.0,36.8,27.4,5469,95.8,113.0,1.5,108,32,52.1
2024-08-19 19:02:37,1942,954,1965,4574,1268.1,59.0,80.0,36.8,27.4,5518,95.8,113.0,0.0,108,32,51.9
2024-08-19 19:02:38,1928,954,1959,4722,1270.3,59.1,80.0,36.8,27.4,5421,96.1,113.0,0.0,108,32,51.8
2024-08-19 19:02:39,1926,954,1957,4870,1261.5,59.1,80.0,36.6,27.4,5152,95.8,113.0,0.0,108,32,51.7
2024-08-19 19:02:40,1941,954,1965,4737,1287.8,59.0,80.0,36.6,27.4,5482,95.8,113.0,0.0,108,32,52.0
2024-08-19 19:02:41,1926,954,1959,4782,1248.3,59.0,80.0,36.6,27.3,5299,95.8,113.0,0.0,108,32,51.7
2024-08-19 19:02:42,1928,954,1962,4555,1274.7,59.0,79.8,36.6,27.3,5494,96.1,113.0,0.0,108,32,51.9
2024-08-19 19:02:43,1913,954,1957,4842,1237.3,57.7,80.0,36.6,27.4,5384,95.8,113.0,0.0,108,32,50.3
2024-08-19 19:02:44,1813,954,1961,4804,1199.9,53.7,79.8,36.6,27.4,5421,96.1,113.0,6.5,108,30,45.1
2024-08-19 19:02:45,1695,954,1946,4757,1059.3,47.7,79.8,36.6,27.3,5469,95.8,113.0,9.5,108,30,37.1
2024-08-19 19:02:46,1581,953,1920,4696,973.6,43.4,79.8,36.6,27.2,5384,96.1,113.0,7.1,108,30,31.2
2024-08-19 19:02:47,1518,954,1910,4642,938.4,41.9,79.8,36.6,27.2,5506,96.1,113.0,5.9,108,31,29.2
2024-08-19 19:02:48,1489,953,1906,4557,923.0,41.4,79.8,36.6,27.3,5543,95.8,113.0,5.2,108,31,28.7
2024-08-19 19:02:49,1462,954,1898,4794,894.4,40.0,79.8,36.4,27.4,5543,95.8,113.0,4.6,108,32,27.1
2024-08-19 19:02:50,1426,953,1886,4768,841.7,37.7,79.8,36.4,27.4,5469,95.8,113.0,4.0,108,33,24.4
2024-08-19 19:02:51,1382,953,1867,4642,804.3,36.2,79.8,36.4,27.2,5408,95.8,113.0,0.0,108,33,22.3
2024-08-19 19:02:52,1360,953,1885,4617,808.7,36.2,79.8,36.4,27.1,5396,95.8,113.0,5.6,108,33,22.4
2024-08-19 19:02:53,1351,953,1869,4584,804.3,35.8,79.6,36.4,27.2,5689,95.8,113.0,0.0,108,34,21.9
2024-08-19 19:02:54,1337,953,1868,4510,786.7,34.8,79.6,36.4,27.4,5494,95.8,113.0,0.0,108,34,20.6
2024-08-19 19:02:55,1324,953,1878,4487,782.3,34.8,79.4,36.4,27.4,5457,95.8,113.0,5.2,108,34,20.6
2024-08-19 19:02:56,1325,953,1864,4579,780.1,34.8,79.4,36.3,27.3,5469,95.8,112.6,0.0,108,34,20.7
2024-08-19 19:02:57,1323,953,1869,4594,784.5,34.8,79.4,36.3,27.2,5506,95.8,112.6,2.5,108,34,20.6
2024-08-19 19:02:58,1321,953,1867,4492,786.7,34.7,79.4,36.3,27.4,5494,95.8,112.6,0.0,108,34,20.5
2024-08-19 19:02:59,1318,953,1863,4473,784.5,34.8,79.2,36.3,27.4,5482,95.8,112.6,0.0,108,34,20.6
2024-08-19 19:03:00,1312,953,1834,4631,762.6,33.4,79.2,36.3,27.1,5555,95.8,112.6,-6.5,108,34,18.8
2024-08-19 19:03:01,1292,953,1820,4604,767.0,33.3,79.2,36.3,27.3,5482,95.8,112.6,-10.8,108,34,18.7
2024-08-19 19:03:02,1277,954,1795,4607,760.4,33.4,79.2,36.3,27.4,5457,95.8,112.1,-18.4,108,35,18.6
2024-08-19 19:03:03,1272,954,1795,4626,760.4,33.3,79.2,36.1,27.5,5518,95.8,112.1,-18.3,108,35,18.6
2024-08-19 19:03:04,1271,953,1799,4476,762.6,33.3,79.2,36.1,27.3,5506,95.8,112.1,-17.2,108,35,18.7
2024-08-19 19:03:05,1269,953,1788,4534,760.4,33.4,79.2,36.1,27.3,5616,95.8,112.1,-20.6,108,35,18.6
2024-08-19 19:03:06,1265,953,1770,4637,753.8,33.3,79.2,36.1,27.2,5494,95.5,112.1,-26.2,108,35,18.5
2024-08-19 19:03:07,1262,954,1750,4556,753.8,33.4,79.2,36.1,27.2,5531,95.5,112.1,-34.0,108,35,18.5
2024-08-19 19:03:08,1253,954,1736,4493,749.4,33.3,79.2,36.1,27.2,5787,95.5,112.0,-42.6,108,36,18.2
2024-08-19 19:03:09,1250,953,1736,4488,756.0,33.3,79.0,36.1,27.3,5543,95.5,111.7,0.0,108,36,18.4
2024-08-19 19:03:10,1252,953,1757,4458,760.4,33.4,79.0,35.9,27.3,5677,95.5,111.7,0.0,108,36,18.5
2024-08-19 19:03:11,1254,954,1739,4493,753.8,33.3,79.0,35.9,27.4,5628,95.5,111.7,0.0,108,35,18.4
2024-08-19 19:03:12,1252,954,1762,4378,760.4,33.4,79.0,35.9,27.1,5592,95.5,111.7,0.0,108,35,18.5
2024-08-19 19:03:13,1259,954,1792,4550,760.4,33.3,78.8,35.9,27.3,5494,95.5,111.7,0.0,108,35,18.6
2024-08-19 19:03:14,1263,954,1810,4491,758.2,33.3,78.8,35.9,27.2,5579,95.5,111.7,0.0,108,34,18.6
2024-08-19 19:03:15,1271,954,1836,4545,762.6,33.3,78.8,35.9,27.4,5421,95.5,111.6,0.0,108,34,18.7
2024-08-19 19:03:16,1280,955,1850,4683,764.8,33.3,78.8,35.9,27.4,5604,95.5,111.6,0.0,108,34,18.7
2024-08-19 19:03:17,1279,954,1824,4630,762.6,33.3,78.8,35.7,27.4,5628,95.5,111.2,0.0,108,35,18.7
2024-08-19 19:03:18,1274,955,1805,4616,758.2,33.4,78.8,35.7,27.2,5628,95.5,111.2,0.0,108,35,18.6
2024-08-19 19:03:19,1273,955,1836,4617,857.1,38.5,78.8,35.7,27.2,5592,95.5,111.2,0.0,108,35,24.5
2024-08-19 19:03:20,1417,955,1965,4583,975.8,42.8,78.8,35.7,27.5,5482,95.2,111.1,63.2,108,35,30.6
2024-08-19 19:03:21,1471,955,1971,4617,934.0,40.4,79.0,35.7,27.3,5592,95.2,110.8,100.0,108,35,27.8
2024-08-19 19:03:22,1426,955,1798,4686,824.1,37.7,79.0,35.7,27.4,5567,95.2,110.8,-23.0,108,35,23.7
2024-08-19 19:03:23,1374,957,1893,4487,848.3,37.6,79.0,35.7,27.4,5469,95.2,110.7,6.2,108,35,24.3
2024-08-19 19:03:24,1372,957,1884,4661,839.5,37.6,79.2,35.7,27.5,5518,95.2,110.7,3.4,108,34,24.2
2024-08-19 19:03:25,1371,958,1869,4675,843.9,37.8,79.2,35.7,27.3,5518,95.2,110.3,0.0,108,34,24.3
2024-08-19 19:03:26,1367,958,1869,4629,846.1,37.8,79.4,35.7,27.2,5531,95.2,110.3,-1.5,108,34,24.4
2024-08-19 19:03:27,1370,958,1868,4661,841.7,37.8,79.4,35.7,27.4,5445,95.2,110.3,-1.8,108,34,24.4
2024-08-19 19:03:28,1367,958,1856,4669,819.7,36.8,79.4,35.5,27.2,5579,95.2,110.3,-4.3,108,34,23.1
2024-08-19 19:03:29,1346,959,1860,4678,815.3,36.7,79.4,35.5,27.2,5689,95.2,110.3,0.0,108,34,22.9
2024-08-19 19:03:30,1342,959,1871,4702,819.7,36.7,79.4,35.5,27.3,5567,95.2,110.3,0.0,108,35,23.0
2024-08-19 19:03:31,1339,959,1859,4615,813.1,36.7,79.4,35.5,27.2,5469,95.2,110.2,-3.1,108,35,22.9
2024-08-19 19:03:32,1358,959,1874,4648,863.7,38.4,79.4,35.5,27.2,5469,95.2,110.2,0.0,108,35,25.1
2024-08-19 19:03:33,1375,959,1892,4663,863.7,38.4,79.4,35.5,27.2,5531,95.2,109.8,5.0,108,34,25.2
2024-08-19 19:03:34,1382,960,1859,4649,852.7,38.3,79.4,35.5,27.3,5347,95.2,109.8,-5.2,108,34,24.9
2024-08-19 19:03:35,1377,960,1869,4588,859.3,38.4,79.4,35.5,27.5,5469,95.2,109.8,0.0,108,34,25.0
2024-08-19 19:03:36,1378,960,1889,4618,854.9,38.4,79.2,35.5,27.3,5567,95.0,109.8,4.0,108,34,25.1
2024-08-19 19:03:37,1379,960,1869,4633,848.3,38.4,79.2,35.5,27.4,5531,95.0,109.8,0.0,108,34,25.1
2024-08-19 19:03:38,1377,960,1872,4671,859.3,38.4,79.2,35.5,27.3,5872,95.0,109.8,0.0,108,34,25.0
2024-08-19 19:03:39,1378,960,1868,4722,852.7,38.5,79.2,35.5,27.3,5628,95.0,109.4,0.0,108,34,25.1
2024-08-19 19:03:40,1378,962,1869,4642,850.5,38.4,79.2,35.5,27.2,5555,95.0,109.4,0.0,108,34,25.0
2024-08-19 19:03:41,1381,962,1867,4633,859.3,38.4,79.2,35.5,27.5,5555,95.0,109.4,-2.7,108,34,25.1
2024-08-19 19:03:42,1379,962,1878,4715,854.9,38.4,79.2,35.5,27.3,5641,95.0,109.4,0.0,108,34,25.1
2024-08-19 19:03:43,1379,962,1866,4701,854.9,38.4,79.2,35.5,27.4,5628,95.0,109.3,0.0,108,34,25.0
2024-08-19 19:03:44,1378,962,1874,4715,857.1,38.4,79.2,35.5,27.4,5616,95.0,109.3,0.0,108,34,25.1
2024-08-19 19:03:45,1376,962,1862,4674,852.7,38.4,79.2,35.5,27.3,5396,95.0,109.3,-4.3,108,35,25.0
2024-08-19 19:03:46,1378,962,1871,4636,854.9,38.4,79.2,35.5,27.5,5421,95.0,108.9,0.0,108,34,25.1
2024-08-19 19:03:47,1378,963,1890,4593,861.5,38.5,79.2,35.5,27.3,5506,95.0,108.9,4.3,108,34,25.2
2024-08-19 19:03:48,1384,963,1874,4689,857.1,38.4,79.2,35.5,27.4,5592,95.0,108.9,0.0,108,34,25.1
2024-08-19 19:03:49,1382,963,1888,4623,857.1,38.4,79.2,35.5,27.3,5518,95.0,108.9,3.7,108,34,25.2
2024-08-19 19:03:50,1381,963,1864,4665,850.5,38.4,79.2,35.7,27.4,5506,95.0,108.9,-3.6,108,34,25.0
2024-08-19 19:03:51,1381,963,1871,4602,861.5,38.4,79.2,35.5,27.4,5543,95.0,108.9,0.0,108,34,25.0
2024-08-19 19:03:52,1387,964,1891,4785,857.1,38.4,79.2,35.5,27.2,5494,95.0,108.9,4.6,108,34,25.2
2024-08-19 19:03:53,1386,964,1872,4677,857.1,38.4,79.2,35.5,27.3,5555,95.0,108.9,0.0,108,34,25.0
2024-08-19 19:03:54,1384,964,1879,4667,859.3,38.4,79.2,35.7,27.2,5628,95.0,108.9,0.0,108,34,25.2
2024-08-19 19:03:55,1382,964,1872,4641,861.5,38.4,79.2,35.7,27.3,5494,95.0,108.9,0.0,108,33,25.1
2024-08-19 19:03:56,1383,965,1863,4657,859.3,38.4,79.2,35.7,27.4,5592,94.7,108.5,-4.0,108,34,25.0
2024-08-19 19:03:57,1379,965,1879,4622,852.7,38.4,79.2,35.7,27.3,5482,94.7,108.5,0.0,108,34,25.1
2024-08-19 19:03:58,1365,965,1856,4740,813.1,36.7,79.2,35.7,27.4,5689,94.7,108.5,-4.0,108,34,23.0
2024-08-19 19:03:59,1323,965,1861,4803,775.7,34.4,79.2,35.7,27.4,5677,94.7,108.5,0.0,108,34,20.1
2024-08-19 19:04:00,1308,965,1879,4753,771.4,34.4,79.2,35.7,27.3,5579,94.7,108.5,5.9,108,34,20.2
2024-08-19 19:04:01,1301,967,1859,4698,775.7,34.4,79.2,35.7,27.2,5824,94.7,108.5,0.0,108,34,20.0
2024-08-19 19:04:02,1299,967,1857,4673,777.9,34.4,79.0,35.7,27.4,5445,94.7,108.5,0.0,108,34,20.0
2024-08-19 19:04:03,1300,967,1869,4721,784.5,34.4,79.0,35.7,27.4,5592,94.7,108.5,2.8,108,34,20.1
2024-08-19 19:04:04,1300,968,1853,4675,777.9,34.4,79.0,35.7,27.4,5702,94.7,108.5,-2.1,108,33,20.0
2024-08-19 19:04:05,1299,968,1865,4717,773.6,34.4,79.0,35.7,27.3,5653,94.7,108.5,0.0,108,33,20.1
2024-08-19 19:04:06,1302,968,1860,4673,775.7,34.4,79.0,35.7,27.3,5604,94.7,108.5,0.0,108,33,20.0
2024-08-19 19:04:07,1300,968,1850,4682,777.9,34.4,79.0,35.7,27.2,5641,94.7,108.4,0.0,108,34,20.0
2024-08-19 19:04:08,1299,969,1847,4712,775.7,34.4,78.8,35.7,27.3,5518,94.7,108.4,-3.7,108,33,20.0
2024-08-19 19:04:09,1296,969,1853,4713,782.3,34.4,78.8,35.7,27.4,5775,94.7,108.4,-2.1,108,33,20.1
2024-08-19 19:04:10,1295,970,1867,4720,780.1,34.4,78.8,35.7,27.2,5494,94.4,108.0,0.0,108,34,20.1
2024-08-19 19:04:11,1297,970,1855,4606,777.9,34.4,78.8,35.7,27.3,5616,94.4,108.0,-1.5,108,34,20.1
2024-08-19 19:04:12,1298,970,1855,4667,771.4,34.4,78.8,35.7,27.4,5518,94.4,108.0,0.0,108,34,20.0
2024-08-19 19:04:13,1297,971,1852,4620,777.9,34.4,78.8,35.7,27.3,5494,94.4,108.0,0.0,108,34,20.1
2024-08-19 19:04:14,1295,971,1857,4716,780.1,34.4,78.8,35.7,27.5,5567,94.4,108.0,0.0,108,34,20.1
2024-08-19 19:04:15,1296,971,1845,4656,775.7,34.8,78.8,35.7,27.2,5482,94.4,108.0,-4.9,108,34,20.2
2024-08-19 19:04:16,1343,973,1905,4723,905.4,39.6,78.8,35.7,27.3,5531,94.4,108.0,7.4,108,34,26.4
2024-08-19 19:04:17,1396,973,1850,4697,883.4,40.0,78.8,35.7,27.3,5518,94.4,107.5,-10.1,108,34,26.7
2024-08-19 19:04:18,1407,973,1868,4639,898.8,40.1,78.8,35.7,27.3,5665,94.4,107.5,-4.6,108,34,26.9
2024-08-19 19:04:19,1409,973,1868,4682,890.0,40.1,78.8,35.9,27.4,5433,94.4,107.6,-4.6,108,33,26.9
2024-08-19 19:04:20,1410,974,1885,4670,901.0,40.1,78.8,35.9,27.3,5506,94.4,107.6,0.0,108,34,27.0
2024-08-19 19:04:21,1416,974,1882,4752,909.8,40.3,78.8,35.9,27.2,5714,94.4,107.6,0.0,108,34,27.3
2024-08-19 19:04:22,1417,974,1881,4686,894.4,40.3,78.8,35.9,27.3,5592,94.4,107.6,0.0,108,34,27.2
2024-08-19 19:04:23,1420,974,1883,4692,903.2,40.3,78.8,35.9,27.3,5653,94.4,107.5,0.0,108,35,27.3
2024-08-19 19:04:24,1422,974,1878,4623,898.8,40.2,79.0,35.9,27.2,5543,94.4,107.5,-1.8,108,35,27.1
2024-08-19 19:04:25,1403,975,1850,4691,802.1,36.3,79.0,35.9,27.2,5604,94.4,107.1,-5.2,108,34,22.5
2024-08-19 19:04:26,1347,975,1882,4647,813.1,36.1,79.0,35.9,27.5,5628,94.1,107.5,4.6,108,34,22.3
2024-08-19 19:04:27,1336,975,1878,4634,810.9,36.2,79.0,35.9,27.5,5641,94.1,107.1,3.4,108,34,22.4
2024-08-19 19:04:28,1332,976,1863,4685,808.7,36.2,79.0,35.9,27.4,5689,94.1,107.1,0.0,108,34,22.2
2024-08-19 19:04:29,1333,976,1877,4770,808.7,36.1,79.0,35.9,27.3,5628,94.1,107.1,0.0,108,34,22.2
2024-08-19 19:04:30,1333,976,1868,4717,808.7,36.1,79.0,35.9,27.4,5702,94.1,107.1,0.0,108,34,22.2
2024-08-19 19:04:31,1331,976,1875,4741,815.3,36.2,79.2,35.9,27.4,5702,94.1,107.1,2.5,108,34,22.3
2024-08-19 19:04:32,1331,976,1867,4663,806.5,36.1,79.2,35.9,27.4,5653,94.1,107.1,0.0,108,34,22.3
2024-08-19 19:04:33,1326,978,1874,4704,808.7,36.2,79.2,35.9,27.5,5421,94.1,107.0,0.0,108,34,22.3
2024-08-19 19:04:34,1330,978,1859,4667,810.9,36.1,79.2,35.9,27.3,5555,94.1,107.0,0.0,108,34,22.2
2024-08-19 19:04:35,1329,978,1851,4704,804.3,36.1,79.0,36.1,27.2,5616,94.1,107.0,-4.9,108,34,22.2
2024-08-19 19:04:36,1328,978,1876,4706,806.5,36.1,79.2,36.1,27.4,5616,94.1,107.0,0.0,108,34,22.3
2024-08-19 19:04:37,1332,979,1865,4754,804.3,36.1,79.0,36.1,27.3,5518,94.1,107.0,0.0,108,34,22.2
2024-08-19 19:04:38,1330,979,1865,4716,810.9,36.1,79.0,36.1,27.3,5482,94.1,106.6,0.0,108,34,22.2
2024-08-19 19:04:39,1329,979,1872,4763,815.3,36.2,79.0,36.1,27.2,5421,94.1,106.6,0.0,108,34,22.3
2024-08-19 19:04:40,1331,980,1877,4784,806.5,36.1,79.0,36.1,27.3,5579,94.1,106.6,0.0,108,34,22.3
2024-08-19 19:04:41,1333,980,1875,4768,817.5,36.2,79.0,36.1,27.3,5469,94.1,106.6,2.5,108,34,22.3
2024-08-19 19:04:42,1335,980,1870,4729,804.3,36.2,79.0,36.1,27.4,5555,94.1,106.6,0.0,108,34,22.3
2024-08-19 19:04:43,1333,981,1872,4736,813.1,36.2,79.0,36.1,27.4,5555,93.8,106.6,0.0,108,34,22.3
2024-08-19 19:04:44,1329,981,1862,4666,806.5,36.1,79.0,36.1,27.4,5592,93.8,106.6,0.0,108,34,22.1
2024-08-19 19:04:45,1329,981,1856,4638,808.7,36.2,79.0,36.1,27.2,5469,93.8,106.2,-3.4,108,34,22.2
2024-08-19 19:04:46,1327,981,1865,4725,813.1,36.2,79.0,36.1,27.4,5714,93.8,106.2,0.0,108,34,22.3
2024-08-19 19:04:47,1329,981,1863,4751,806.5,36.2,79.0,36.1,27.4,5665,93.8,106.2,0.0,108,34,22.3
2024-08-19 19:04:48,1329,983,1861,4799,806.5,36.1,79.0,36.1,27.3,5469,93.8,106.2,0.0,108,34,22.2
2024-08-19 19:04:49,1331,983,1852,4729,810.9,36.2,78.8,36.3,27.3,5592,93.8,106.2,-4.6,108,34,22.2
2024-08-19 19:04:50,1329,983,1880,4823,813.1,36.2,78.8,36.3,27.2,5641,93.8,106.2,4.0,108,34,22.4
2024-08-19 19:04:51,1327,983,1866,4647,806.5,36.1,78.8,36.3,27.3,5579,93.8,106.2,0.0,108,34,22.2
2024-08-19 19:04:52,1327,984,1857,4729,802.1,36.1,78.8,36.3,27.3,5616,93.8,106.2,-2.8,108,34,22.2
2024-08-19 19:04:53,1328,984,1876,4722,815.3,36.1,78.8,36.3,27.2,5702,93.8,106.1,2.8,108,34,22.3
2024-08-19 19:04:54,1330,984,1872,4734,810.9,36.2,78.8,36.3,27.3,5738,93.8,106.1,0.0,108,34,22.3
2024-08-19 19:04:55,1331,984,1868,4791,806.5,36.2,79.0,36.3,27.3,5579,93.8,106.1,0.0,108,34,22.3
2024-08-19 19:04:56,1329,985,1880,4769,806.5,36.2,78.8,36.3,27.2,5738,93.8,106.1,4.0,108,34,22.4
2024-08-19 19:04:57,1329,985,1875,4803,808.7,36.1,78.8,36.3,27.2,5579,93.8,106.1,0.0,108,34,22.2
2024-08-19 19:04:58,1330,985,1868,4739,813.1,36.2,78.8,36.3,27.2,5506,93.8,105.7,0.0,108,34,22.4
2024-08-19 19:04:59,1326,985,1847,4746,804.3,36.1,79.0,36.3,27.5,5555,93.8,105.7,-6.1,108,34,22.1
2024-08-19 19:05:00,1325,985,1868,4789,806.5,36.1,79.0,36.3,27.3,5579,93.5,105.7,0.0,108,34,22.2
2024-08-19 19:05:01,1329,986,1881,4744,815.3,36.2,79.0,36.3,27.4,5469,93.5,105.7,4.3,108,35,22.3
2024-08-19 19:05:02,1327,986,1862,4678,810.9,36.2,79.0,36.3,27.3,5445,93.5,105.7,0.0,108,35,22.2
2024-08-19 19:05:03,1327,986,1860,4653,802.1,36.1,79.0,36.4,27.4,5543,93.5,105.7,0.0,108,34,22.2
2024-08-19 19:05:04,1315,986,1842,4692,764.8,33.7,79.0,36.4,27.3,5579,93.5,105.7,-4.3,108,34,19.2
2024-08-19 19:05:05,1279,986,1856,4718,742.8,31.5,78.8,36.4,27.4,5592,93.5,105.7,2.5,108,34,16.6
2024-08-19 19:05:06,1269,986,1862,4774,742.8,31.6,79.0,36.4,27.3,5702,93.5,105.7,4.3,108,34,16.6
2024-08-19 19:05:07,1266,988,1862,4811,747.2,31.6,79.0,36.4,27.4,5543,93.5,105.7,4.3,108,34,16.7
2024-08-19 19:05:08,1264,988,1849,4662,742.8,31.6,79.0,36.4,27.4,5860,93.5,105.7,0.0,108,34,16.6
2024-08-19 19:05:09,1267,988,1858,4728,747.2,31.5,79.0,36.4,27.2,5702,93.5,105.7,3.1,108,34,16.6
2024-08-19 19:05:10,1266,988,1854,4687,751.6,32.1,79.0,36.4,27.3,5531,93.5,105.7,0.0,108,34,16.9
2024-08-19 19:05:11,1274,989,1842,4733,753.8,32.8,78.8,36.4,27.2,5628,93.5,105.7,-3.4,108,34,18.0
2024-08-19 19:05:12,1284,989,1851,4732,764.8,33.4,78.8,36.4,27.1,5543,93.5,105.7,0.0,108,34,18.8
2024-08-19 19:05:13,1284,989,1848,4763,760.4,33.5,78.8,36.6,27.1,5482,93.5,105.3,-2.5,108,34,18.9
2024-08-19 19:05:14,1285,990,1846,4652,769.2,34.0,78.8,36.4,27.3,5604,93.5,105.3,-3.7,108,34,19.3
2024-08-19 19:05:15,1305,990,1856,4795,789.0,35.2,78.8,36.6,27.4,5641,93.5,105.3,-2.1,108,34,21.1
2024-08-19 19:05:16,1299,990,1857,4835,782.3,34.9,78.8,36.6,27.4,5616,93.5,105.3,-1.5,108,34,20.7
2024-08-19 19:05:17,1298,990,1860,4847,775.7,34.9,78.8,36.6,27.2,5543,93.5,105.3,0.0,108,34,20.7
2024-08-19 19:05:18,1301,990,1869,4720,784.5,35.0,78.8,36.6,27.4,5726,93.5,105.3,0.0,108,34,20.8
2024-08-19 19:05:19,1305,991,1854,4739,782.3,34.9,78.8,36.6,27.2,5689,93.2,105.2,0.0,108,34,20.7
2024-08-19 19:05:20,1301,991,1878,4779,791.2,34.9,78.8,36.6,27.4,5506,93.5,105.2,4.9,108,34,20.7
2024-08-19 19:05:21,1302,991,1866,4740,786.7,34.9,78.8,36.6,27.2,5592,93.2,105.2,0.0,108,34,20.7
2024-08-19 19:05:22,1302,991,1863,4747,786.7,35.0,78.8,36.6,27.2,5567,93.2,105.2,0.0,108,34,20.8
2024-08-19 19:05:23,1304,993,1853,4825,784.5,34.9,78.8,36.6,27.3,5628,93.2,105.2,0.0,108,34,20.7
2024-08-19 19:05:24,1302,993,1860,4731,786.7,34.9,78.8,36.6,27.4,5506,93.2,104.8,0.0,108,34,20.7
2024-08-19 19:05:25,1300,993,1853,4664,784.5,34.9,78.8,36.6,27.5,5592,93.2,104.8,-2.7,108,34,20.7
2024-08-19 19:05:26,1300,993,1875,4713,760.4,32.9,78.8,36.6,27.3,5592,93.2,104.8,6.8,108,34,18.3
2024-08-19 19:05:27,1285,993,1858,4659,756.0,32.0,78.8,36.6,27.4,5592,93.2,104.8,0.0,108,34,17.4
2024-08-19 19:05:28,1269,994,1857,4652,742.8,31.4,78.8,36.8,27.2,5604,93.2,104.8,3.1,108,34,16.4
2024-08-19 19:05:29,1267,994,1847,4630,738.4,31.4,78.8,36.8,27.2,5518,93.2,104.8,0.0,108,34,16.4
2024-08-19 19:05:30,1263,994,1844,4629,740.6,31.4,78.8,36.8,27.2,5555,93.2,104.8,0.0,108,34,16.4
2024-08-19 19:05:31,1262,994,1843,4725,738.4,30.8,78.8,36.8,27.2,5469,93.2,104.8,0.0,108,33,16.0
2024-08-19 19:05:32,1234,994,1837,4758,712.0,28.5,78.6,36.8,27.4,5543,93.2,104.8,0.0,108,34,12.9
2024-08-19 19:05:33,1225,995,1843,4802,716.4,28.5,78.6,36.8,27.4,5579,93.2,104.8,2.5,108,34,12.8
2024-08-19 19:05:34,1223,995,1823,4832,714.2,28.6,78.6,36.8,27.3,5506,93.2,104.8,-3.7,108,34,12.9
2024-08-19 19:05:35,1235,995,1856,4728,773.6,33.7,78.6,36.8,27.4,5702,92.9,104.8,0.0,108,34,18.9
2024-08-19 19:05:36,1282,996,1838,4824,780.1,34.4,78.6,36.8,27.4,5689,93.2,104.8,-6.7,108,34,20.1
2024-08-19 19:05:37,1289,996,1856,4893,775.7,34.4,78.6,36.8,27.4,5543,92.9,104.8,0.0,108,34,20.1
2024-08-19 19:05:38,1295,996,1868,4797,777.9,34.4,78.6,36.8,27.4,5531,92.9,104.4,0.0,108,35,20.1
2024-08-19 19:05:39,1291,997,1843,4714,777.9,34.4,78.6,37.0,27.4,5616,92.9,104.4,-4.9,108,35,20.0
2024-08-19 19:05:40,1296,997,1863,4725,773.6,34.4,78.6,37.0,27.2,5726,92.9,104.4,0.0,108,34,20.0
2024-08-19 19:05:41,1296,997,1855,4709,780.1,34.3,78.4,37.0,27.2,5653,92.9,104.3,0.0,108,34,20.1
2024-08-19 19:05:42,1294,997,1854,4868,773.6,34.4,78.6,37.0,27.3,5518,92.9,104.3,-1.5,108,34,19.9
2024-08-19 19:05:43,1297,999,1853,4761,775.7,34.4,78.6,37.0,27.3,5628,92.9,104.3,0.0,108,35,20.1
2024-08-19 19:05:44,1296,999,1830,4803,773.6,34.4,78.6,37.0,27.4,5579,92.9,104.3,-8.9,108,35,20.0
2024-08-19 19:05:45,1285,1000,1810,4822,771.4,34.4,78.6,37.0,27.4,5555,92.9,104.3,-15.3,108,35,19.9
2024-08-19 19:05:46,1281,1000,1789,4717,767.0,34.4,78.6,37.0,27.2,5641,92.9,104.3,-21.9,108,34,19.8
2024-08-19 19:05:47,1277,1000,1766,4668,767.0,34.4,78.6,37.0,27.4,5506,92.9,104.3,-28.9,108,34,19.7
2024-08-19 19:05:48,1275,1001,1782,4702,769.2,34.4,78.6,37.0,27.3,5604,92.9,104.3,-24.0,108,34,19.8
2024-08-19 19:05:49,1277,1001,1767,4846,773.6,34.4,78.8,37.2,27.2,5494,92.9,104.3,-28.8,108,35,19.7
2024-08-19 19:05:50,1277,1001,1775,4877,769.2,34.4,78.8,37.2,27.2,5469,92.9,103.9,-26.3,108,34,19.8
2024-08-19 19:05:51,1275,1001,1768,4820,771.4,34.4,78.8,37.2,27.4,5787,92.9,103.9,-28.2,108,34,19.7
2024-08-19 19:05:52,1275,1001,1757,4653,769.2,34.4,78.8,37.2,27.2,5567,92.9,103.9,0.0,108,34,19.6
2024-08-19 19:05:53,1271,1002,1739,4741,762.6,34.4,78.8,37.2,27.3,5518,92.9,104.3,0.0,108,33,19.6
2024-08-19 19:05:54,1264,1002,1724,4674,756.0,34.4,78.8,37.2,27.3,5543,92.9,104.3,0.0,108,33,19.4
2024-08-19 19:05:55,1264,1002,1735,4707,767.0,34.4,78.8,37.2,27.2,5653,92.6,104.3,0.0,108,32,19.5
2024-08-19 19:05:56,1262,1002,1718,4697,756.0,34.4,78.8,37.2,27.4,5616,92.6,103.9,0.0,108,31,19.4
2024-08-19 19:05:57,1261,1004,1734,4749,762.6,34.4,78.8,37.2,27.3,5543,92.6,103.9,0.0,108,31,19.5
2024-08-19 19:05:58,1266,1004,1733,4721,767.0,34.4,78.8,37.2,27.4,5457,92.6,103.9,0.0,108,31,19.5
2024-08-19 19:05:59,1271,1004,1763,4635,762.6,34.0,79.0,37.3,27.4,5641,92.6,103.9,0.0,108,30,19.3
2024-08-19 19:06:00,1261,1005,1730,4718,729.6,31.1,79.0,37.3,27.3,5702,92.6,103.9,0.0,108,30,15.9
2024-08-19 19:06:01,1237,1005,1709,4666,725.2,31.0,78.8,37.3,27.4,5604,92.6,103.9,0.0,108,30,15.7
2024-08-19 19:06:02,1237,1005,1722,4611,734.0,31.6,78.8,37.3,27.0,5555,92.6,104.3,0.0,108,30,16.4
2024-08-19 19:06:03,1238,1005,1714,4610,736.2,31.6,78.8,37.3,27.3,5933,92.6,103.9,0.0,108,30,16.4
2024-08-19 19:06:04,1231,1006,1685,4638,731.8,31.7,78.8,37.3,27.4,5518,92.6,103.9,0.0,108,30,16.2
2024-08-19 19:06:05,1226,1006,1675,4634,731.8,31.7,78.8,37.5,27.3,5726,92.6,103.9,0.0,108,29,16.2
2024-08-19 19:06:06,1221,1006,1679,4542,736.2,31.7,78.8,37.5,27.2,5641,92.6,103.9,0.0,108,28,16.2
2024-08-19 19:06:07,1221,1006,1688,4600,734.0,31.7,78.8,37.5,27.3,5763,92.6,103.9,0.0,108,28,16.3
2024-08-19 19:06:08,1213,1007,1664,4557,709.8,29.3,78.8,37.7,27.4,5677,92.3,103.9,0.0,108,29,13.6
2024-08-19 19:06:09,1200,1007,1643,4516,709.8,29.2,78.6,37.5,27.2,5592,92.3,103.9,0.0,108,29,13.5
2024-08-19 19:06:10,1193,1007,1627,4517,698.8,28.2,78.6,37.5,27.5,5641,92.3,103.9,0.0,108,29,12.6
2024-08-19 19:06:11,1186,1009,1626,4484,701.0,28.2,78.6,37.7,27.3,5531,92.3,104.3,0.0,108,28,12.4
2024-08-19 19:06:12,1186,1009,1633,4492,705.4,28.2,78.6,37.7,27.4,5750,92.3,103.9,0.0,108,28,12.4
2024-08-19 19:06:13,1187,1009,1648,4553,703.2,28.3,78.6,37.7,27.2,5689,92.3,103.9,0.0,108,28,12.5
2024-08-19 19:06:14,1189,1010,1641,4529,714.2,28.2,78.6,37.7,27.2,5750,92.3,104.3,0.0,108,29,12.4
2024-08-19 19:06:15,1189,1010,1644,4565,709.8,28.2,78.6,37.7,27.3,5641,92.3,103.9,0.0,108,28,12.5
2024-08-19 19:06:16,1188,1011,1629,4501,703.2,28.2,78.6,37.7,27.2,5689,92.3,103.9,0.0,108,28,12.4
2024-08-19 19:06:17,1186,1011,1608,4454,705.4,28.2,78.4,37.9,27.1,5689,92.3,104.3,0.0,108,28,12.3
2024-08-19 19:06:18,1184,1011,1608,4513,703.2,28.2,78.4,37.9,27.4,5604,92.3,104.3,0.0,108,28,12.4
2024-08-19 19:06:19,1184,1011,1607,4508,696.6,28.2,78.4,37.9,27.2,5702,92.3,104.3,0.0,108,28,12.4
2024-08-19 19:06:20,1183,1012,1598,4519,698.8,28.1,78.4,37.9,27.3,5641,92.3,103.9,0.0,108,28,12.1
2024-08-19 19:06:21,1180,1012,1602,4511,687.9,27.5,78.4,38.1,27.4,5482,92.3,104.3,0.0,108,28,11.6
2024-08-19 19:06:22,1174,1014,1572,4338,668.1,25.5,78.4,38.1,27.5,5641,92.3,104.3,0.0,108,28,9.5
2024-08-19 19:06:23,1162,1014,1563,4453,676.9,25.3,78.4,38.1,27.4,5702,92.0,104.3,0.0,108,28,9.4
2024-08-19 19:06:24,1153,1014,1537,4377,663.7,23.5,78.4,38.1,27.2,5506,92.0,104.3,0.0,108,28,7.8
2024-08-19 19:06:25,1128,1015,1481,4294,630.7,20.3,78.4,38.1,27.3,5726,92.0,104.3,0.0,108,28,4.8
2024-08-19 19:06:26,1107,1015,1438,4162,613.1,18.4,78.4,38.1,27.3,5799,92.0,104.3,0.0,108,29,3.6
2024-08-19 19:06:27,1093,1015,1373,4068,580.2,15.5,78.4,38.1,27.2,5531,92.0,104.3,0.0,108,28,2.6
2024-08-19 19:06:28,1077,1015,1270,3834,518.6,8.3,78.2,38.2,27.3,5579,92.0,104.3,0.0,100,28,0.0
2024-08-19 19:06:29,1056,1015,1030,3313,435.1,1.0,78.2,38.2,27.3,5494,92.0,104.3,0.0,100,28,0.0
2024-08-19 19:06:30,1046,1016,866,2674,399.9,0.0,78.2,38.2,27.2,5433,91.7,104.3,0.0,100,29,0.0
2024-08-19 19:06:31,1043,1016,747,2166,349.4,0.0,78.2,38.4,27.1,5457,91.7,104.3,0.0,100,29,0.0
2024-08-19 19:06:32,1037,1016,718,1937,351.6,0.0,78.2,38.4,27.1,5494,91.7,104.3,0.0,100,30,0.0
2024-08-19 19:06:33,1033,1017,710,1858,353.8,0.0,78.2,38.6,27.1,5494,91.7,104.3,0.0,100,31,0.0
2024-08-19 19:06:34,1031,1017,708,1872,356.0,0.0,78.2,38.6,27.1,5323,91.7,104.3,0.0,100,32,0.0
2024-08-19 19:06:35,1028,1017,713,1902,360.4,0.0,78.1,38.6,27.2,5445,91.4,104.3,0.0,100,32,0.0
2024-08-19 19:06:36,1028,1017,704,1831,362.6,0.0,78.1,38.8,27.1,5445,91.4,104.3,0.0,100,32,0.0
2024-08-19 19:06:37,1028,1017,701,1621,373.6,0.0,78.1,39.0,27.1,5506,91.4,104.4,0.0,100,33,0.3
2024-08-19 19:06:38,1028,1017,713,1723,382.4,0.0,78.1,39.0,27.1,5469,91.4,104.4,0.0,100,33,0.1
2024-08-19 19:06:39,1028,1017,708,1799,378.0,0.0,78.1,39.2,27.0,5567,91.4,104.3,0.0,100,33,0.2
2024-08-19 19:06:40,1028,1017,701,1749,388.9,0.0,78.1,39.2,27.0,5494,91.4,104.4,0.0,108,30,1.0
2024-08-19 19:06:41,1028,1017,708,1837,404.3,0.0,77.9,39.4,27.1,5604,91.4,104.4,0.0,108,30,0.2
2024-08-19 19:06:42,1028,1018,708,1797,386.8,0.0,77.9,39.4,27.0,5592,91.4,104.3,0.0,108,32,0.3
2024-08-19 19:06:43,1028,1018,708,1822,384.6,0.0,77.7,39.6,27.0,5653,91.1,104.4,0.0,108,32,0.5
2024-08-19 19:06:44,1028,1018,708,1883,382.4,0.0,77.7,39.6,27.0,5506,91.1,104.4,0.0,108,32,0.6
2024-08-19 19:06:45,1028,1018,695,1841,395.5,0.0,77.7,39.6,27.0,5653,91.1,104.4,0.0,108,34,1.7
2024-08-19 19:06:46,1028,1018,700,1602,397.7,0.0,77.5,39.8,27.0,5567,91.1,104.3,0.0,108,33,2.0
2024-08-19 19:06:47,1028,1018,699,1671,397.7,0.0,77.5,39.8,27.0,5592,91.1,104.3,0.0,108,33,2.4
2024-08-19 19:06:48,1030,1018,701,1740,413.1,0.0,77.5,40.1,27.0,5592,91.1,104.3,0.0,108,32,2.9
2024-08-19 19:06:49,1030,1018,704,1805,419.7,0.0,77.3,40.1,27.1,5641,91.1,104.3,0.0,108,31,3.4
2024-08-19 19:06:50,1033,1018,709,1758,419.7,0.0,77.3,40.3,27.0,5604,91.1,104.3,0.0,108,31,3.2
2024-08-19 19:06:51,1033,1018,709,1709,421.9,0.0,77.3,40.3,27.0,5653,91.1,104.3,0.0,108,30,3.4
2024-08-19 19:06:52,1033,1018,709,1650,424.1,0.0,77.1,40.5,27.0,5555,90.8,104.3,0.0,108,33,3.3
2024-08-19 19:06:53,1033,1018,713,1770,417.5,0.0,77.1,40.5,27.1,5665,90.8,104.3,0.0,108,33,2.8
2024-08-19 19:06:54,1033,1018,705,1814,421.9,0.0,76.9,40.7,27.0,5689,90.8,104.3,0.0,108,33,3.3
2024-08-19 19:06:55,1033,1018,704,1709,424.1,0.0,76.9,40.7,27.0,5543,90.8,104.3,0.0,108,34,3.7
2024-08-19 19:06:56,1033,1018,708,1582,424.1,0.0,76.9,40.7,27.0,5592,90.8,104.3,0.0,108,34,3.6
2024-08-19 19:06:57,1033,1018,710,1588,426.3,0.0,76.9,41.0,27.0,5579,90.8,104.3,0.0,108,33,3.7
2024-08-19 19:06:58,1034,1018,708,1635,428.5,0.0,76.9,41.0,27.0,5543,90.8,104.3,0.0,108,32,3.7
2024-08-19 19:06:59,1034,1018,708,1620,426.3,0.0,76.9,41.0,27.0,5616,90.8,104.3,0.0,108,32,3.7
2024-08-19 19:07:00,1034,1018,708,1672,430.7,0.2,76.9,41.2,27.0,5628,90.8,104.3,0.0,108,32,3.8
2024-08-19 19:07:01,1039,1018,850,2015,536.2,22.6,76.9,41.2,27.2,5677,90.5,104.3,0.0,108,35,6.6
2024-08-19 19:07:02,1046,1018,904,2250,608.7,30.2,76.7,41.2,27.2,5738,90.5,104.3,0.0,108,35,10.9
2024-08-19 19:07:03,1057,1018,1027,2557,632.9,30.9,76.9,41.4,27.2,5726,90.5,103.9,0.0,108,33,12.9
2024-08-19 19:07:04,1066,1018,1084,2782,683.5,35.5,76.9,41.4,27.0,5579,90.5,103.9,0.0,108,33,16.5
2024-08-19 19:07:05,1089,1018,1228,3155,723.0,35.9,76.9,41.4,27.0,5702,90.5,103.9,0.0,108,34,18.5
2024-08-19 19:07:06,1111,1018,1260,3477,718.6,35.9,76.9,41.6,27.4,5567,90.5,103.9,0.0,108,34,18.6
2024-08-19 19:07:07,1116,1018,1227,3505,701.0,33.8,76.9,41.6,27.3,5543,90.5,103.9,0.0,108,32,16.8
2024-08-19 19:07:08,1113,1018,1222,3457,694.5,33.7,76.9,41.6,27.3,5494,90.5,103.9,0.0,108,34,16.7
2024-08-19 19:07:09,1110,1020,1220,3465,690.1,33.8,77.1,41.6,27.4,4542,90.5,103.9,0.0,108,34,16.8
2024-08-19 19:07:10,1110,1018,1227,3433,701.0,33.8,77.3,41.6,27.2,4578,90.5,103.9,0.0,108,32,16.8
2024-08-19 19:07:11,1100,1020,1014,3242,487.9,10.5,77.3,41.6,27.2,4590,90.5,103.9,0.0,108,33,1.2
2024-08-19 19:07:12,1060,1020,677,2201,468.1,0.0,77.3,41.6,27.1,4578,90.5,103.9,0.0,108,33,4.2
2024-08-19 19:07:13,1045,1018,709,1951,441.7,0.0,77.5,41.6,27.1,4578,90.5,103.9,0.0,108,31,3.7
2024-08-19 19:07:14,1040,1018,710,1901,435.1,0.0,77.5,41.6,27.2,4627,90.5,103.9,0.0,108,32,3.7
2024-08-19 19:07:15,1037,1020,710,1881,428.5,0.0,77.7,41.8,27.0,4615,90.2,103.9,0.0,108,32,3.8
2024-08-19 19:07:16,1037,1020,704,1860,430.7,0.0,77.7,41.8,27.2,4566,90.2,103.8,0.0,124,32,4.1
2024-08-19 19:07:17,1037,1020,707,1952,437.3,0.0,77.9,41.8,27.0,4505,90.2,103.9,0.0,124,32,4.1
2024-08-19 19:07:18,1037,1020,707,1927,437.3,0.0,77.9,41.8,27.2,4505,90.2,103.9,0.0,124,32,4.1
2024-08-19 19:07:19,1037,1020,709,2003,437.3,0.0,78.1,42.1,27.2,4542,90.2,103.9,0.0,124,33,4.1
2024-08-19 19:07:20,1037,1020,709,1974,439.5,0.0,78.1,42.1,27.1,4529,90.2,103.9,0.0,124,34,4.1
2024-08-19 19:07:21,1037,1020,706,1977,439.5,0.0,78.1,42.1,27.1,4554,90.2,103.9,0.0,124,34,4.3
2024-08-19 19:07:22,1037,1020,707,2037,439.5,0.0,78.2,42.1,27.1,4566,90.2,103.9,0.0,124,31,4.2
2024-08-19 19:07:23,1037,1020,707,2009,446.1,0.1,78.2,42.3,26.9,4615,90.2,103.9,0.0,124,25,4.2
2024-08-19 19:07:24,1039,1020,773,1920,490.1,10.4,78.2,42.3,26.9,4651,90.0,103.9,0.0,124,25,5.2
2024-08-19 19:07:25,1042,1020,800,1959,564.8,21.4,78.2,42.5,27.1,4688,90.0,103.5,0.0,124,23,8.1
2024-08-19 19:07:26,1048,1020,881,2075,556.0,23.6,78.2,42.5,27.3,4639,90.0,103.5,0.0,124,22,7.3
2024-08-19 19:07:27,1051,1020,893,2356,553.8,23.7,78.2,42.5,27.2,4542,90.0,103.5,0.0,124,22,7.4
2024-08-19 19:07:28,1053,1020,933,2366,626.3,31.4,78.2,42.5,27.0,4688,90.0,103.4,0.0,124,20,12.0
2024-08-19 19:07:29,1063,1020,1065,2664,641.7,31.7,78.1,42.7,27.2,4627,90.0,103.4,0.0,124,20,13.8
2024-08-19 19:07:30,1075,1020,1131,3049,657.1,31.7,78.1,42.7,27.2,4615,90.0,103.4,0.0,124,20,14.5
2024-08-19 19:07:31,1085,1020,1166,3306,670.3,31.7,77.9,42.7,27.4,4542,90.0,103.4,0.0,124,22,14.8
2024-08-19 19:07:32,1091,1020,1173,3320,676.9,31.6,77.9,42.7,27.4,4554,90.0,103.4,0.0,124,23,14.8
2024-08-19 19:07:33,1092,1020,1170,3304,672.5,31.6,77.7,42.7,27.4,4639,90.0,103.4,0.0,124,23,14.7
2024-08-19 19:07:34,1090,1020,1111,3232,621.9,26.1,77.5,42.7,27.1,4578,90.0,103.4,0.0,124,25,10.2
2024-08-19 19:07:35,1074,1020,1007,2883,595.5,26.1,77.3,42.7,27.3,4505,90.0,103.4,0.0,124,27,9.5
2024-08-19 19:07:36,1066,1020,975,2730,589.0,26.2,77.3,43.0,27.2,4688,89.8,103.4,0.0,124,29,9.4
2024-08-19 19:07:37,1061,1020,963,2783,591.2,26.2,77.1,43.0,27.3,4542,89.8,103.4,0.0,124,29,9.3
2024-08-19 19:07:38,1061,1020,955,2681,591.2,26.2,77.1,43.0,27.3,4529,89.8,103.0,0.0,124,30,9.2
2024-08-19 19:07:39,1059,1020,957,2736,591.2,26.1,77.1,43.0,27.2,4529,89.8,102.9,0.0,124,31,9.2
2024-08-19 19:07:40,1058,1020,952,2632,593.3,26.1,77.1,43.0,27.0,4517,89.8,102.9,0.0,124,31,9.1
2024-08-19 19:07:41,1058,1020,947,2591,591.2,26.1,77.1,43.0,27.3,4590,89.8,102.9,0.0,124,33,9.2
2024-08-19 19:07:42,1058,1020,944,2603,593.3,26.1,77.1,43.0,27.1,4664,89.8,102.9,0.0,124,32,9.1
2024-08-19 19:07:43,1058,1020,943,2625,580.2,26.1,77.3,43.0,27.1,4603,89.8,102.9,0.0,124,32,9.1
2024-08-19 19:07:44,1058,1020,944,2565,575.8,26.1,77.3,43.2,27.3,4542,89.6,102.9,0.0,124,32,9.1
2024-08-19 19:07:45,1058,1020,947,2533,580.2,26.2,77.5,43.2,27.3,4505,89.6,102.5,0.0,124,30,9.2
2024-08-19 19:07:46,1058,1020,944,2544,591.2,26.1,77.5,43.2,27.3,4712,89.6,102.5,0.0,124,30,9.1
2024-08-19 19:07:47,1058,1020,942,2665,580.2,26.1,77.5,43.2,27.2,4627,89.6,102.5,0.0,124,31,9.1
2024-08-19 19:07:48,1058,1020,949,2612,595.5,26.1,77.7,43.2,27.2,4566,89.6,102.5,0.0,124,32,9.1
2024-08-19 19:07:49,1058,1020,946,2657,580.2,26.1,77.7,43.2,27.3,4554,89.6,102.5,0.0,124,32,9.2
2024-08-19 19:07:50,1058,1020,945,2735,595.5,26.1,77.9,43.2,27.0,4554,89.6,102.1,0.0,124,32,9.1
2024-08-19 19:07:51,1058,1020,948,2561,584.6,26.1,77.9,43.4,27.4,4542,89.6,102.1,0.0,124,33,9.2
2024-08-19 19:07:52,1058,1020,948,2526,589.0,26.1,78.1,43.4,27.0,4664,89.6,102.1,0.0,124,33,9.1
2024-08-19 19:07:53,1058,1020,950,2541,593.3,26.1,78.1,43.4,27.2,4566,89.6,102.0,0.0,124,32,9.2
2024-08-19 19:07:54,1058,1020,951,2553,578.0,26.1,78.1,43.4,27.3,4603,89.6,102.0,0.0,124,32,9.2
2024-08-19 19:07:55,1058,1020,947,2609,586.8,26.1,78.2,43.4,27.2,4542,89.6,102.0,0.0,124,32,9.1
2024-08-19 19:07:56,1058,1020,944,2577,582.4,26.1,78.2,43.4,27.2,4627,89.6,102.0,0.0,124,33,9.1
2024-08-19 19:07:57,1058,1020,946,2518,591.2,26.1,78.2,43.4,27.1,4627,89.4,102.0,0.0,124,32,9.1
2024-08-19 19:07:58,1058,1020,944,2580,591.2,26.1,78.2,43.6,27.3,4493,89.4,102.0,0.0,124,32,9.1
2024-08-19 19:07:59,1058,1020,947,2553,589.0,26.2,78.2,43.6,27.3,4554,89.4,101.6,0.0,124,32,9.2
2024-08-19 19:08:00,1058,1020,944,2660,575.8,26.1,78.2,43.6,27.2,4627,89.4,101.6,0.0,124,32,9.1
2024-08-19 19:08:01,1057,1020,944,2621,589.0,26.1,78.2,43.6,27.1,4700,89.4,101.6,0.0,124,32,9.1
2024-08-19 19:08:02,1057,1020,947,2649,593.3,26.1,78.2,43.8,27.3,4456,89.4,101.6,0.0,124,31,9.1
2024-08-19 19:08:03,1057,1020,946,2559,580.2,26.1,78.1,43.8,27.3,4554,89.4,101.6,0.0,124,32,9.1
2024-08-19 19:08:04,1057,1020,944,2414,580.2,26.1,78.1,43.8,27.3,4639,89.4,101.6,0.0,124,32,9.1
2024-08-19 19:08:05,1057,1020,946,2412,573.6,26.1,78.1,43.8,27.2,4517,89.4,101.6,0.0,124,33,9.1
2024-08-19 19:08:06,1057,1020,947,2412,589.0,26.2,77.9,43.8,27.3,4566,89.4,101.6,0.0,124,33,9.2
2024-08-19 19:08:07,1057,1020,944,2479,582.4,26.1,77.9,43.8,27.2,4627,89.4,101.6,0.0,124,33,9.1
2024-08-19 19:08:08,1057,1020,943,2524,584.6,26.1,77.9,43.8,27.0,4542,89.4,101.6,0.0,124,33,9.1
2024-08-19 19:08:09,1057,1020,947,2691,593.3,26.1,77.7,44.1,27.3,4529,89.4,101.6,0.0,124,32,9.1
2024-08-19 19:08:10,1057,1020,943,2821,597.7,26.2,77.7,43.8,27.2,4651,89.4,101.2,0.0,124,32,9.1
2024-08-19 19:08:11,1057,1020,943,2711,584.6,26.1,77.7,44.1,27.1,4761,89.4,101.2,0.0,124,32,9.1
2024-08-19 19:08:12,1057,1020,950,2664,599.9,26.1,77.5,44.1,27.2,4639,89.4,101.2,0.0,124,32,9.1
2024-08-19 19:08:13,1057,1020,943,2564,586.8,26.1,77.5,44.1,27.3,4542,89.4,101.1,0.0,124,31,9.1
2024-08-19 19:08:14,1057,1020,943,2559,582.4,26.1,77.5,44.1,27.1,4712,89.4,101.1,0.0,124,31,9.1
2024-08-19 19:08:15,1057,1020,950,2627,586.8,26.1,77.5,44.1,27.1,4590,89.2,101.1,0.0,124,32,9.1
2024-08-19 19:08:16,1057,1020,943,2643,589.0,26.1,77.3,44.3,27.2,4481,89.2,101.1,0.0,124,32,9.1
2024-08-19 19:08:17,1057,1020,942,2617,586.8,26.1,77.3,44.3,27.3,4578,89.2,101.1,0.0,124,32,9.0
2024-08-19 19:08:18,1057,1020,945,2683,580.2,26.1,77.3,44.3,27.1,4554,89.2,101.1,0.0,124,31,9.1
2024-08-19 19:08:19,1057,1020,947,2628,589.0,26.1,77.3,44.3,27.2,4590,89.2,101.1,0.0,124,31,9.1
2024-08-19 19:08:20,1057,1020,946,2603,580.2,26.1,77.3,44.3,27.3,4554,89.2,101.1,0.0,124,31,9.1
2024-08-19 19:08:21,1057,1020,948,2670,586.8,26.2,77.3,44.3,27.2,4566,89.2,101.1,0.0,124,32,9.2
2024-08-19 19:08:22,1056,1020,944,2660,593.3,26.2,77.3,44.3,27.1,4615,89.2,100.7,0.0,124,32,9.1
2024-08-19 19:08:23,1057,1020,945,2600,580.2,26.2,77.3,44.3,27.2,4493,89.2,100.7,0.0,124,32,9.1
2024-08-19 19:08:24,1057,1020,949,2630,582.4,26.2,77.3,44.3,27.2,4627,89.2,100.7,0.0,124,32,9.2
2024-08-19 19:08:25,1056,1020,946,2694,589.0,26.1,77.3,44.5,27.2,4639,89.2,100.7,0.0,124,32,9.1
2024-08-19 19:08:26,1057,1020,944,2529,589.0,26.2,77.5,44.3,27.2,4505,89.2,100.7,0.0,124,32,9.1
2024-08-19 19:08:27,1066,1020,1193,2831,832.9,47.7,77.5,44.5,27.4,4529,89.2,100.7,0.0,124,32,26.7
2024-08-19 19:08:28,1173,1020,1505,3680,907.6,47.8,77.5,44.5,27.4,4590,89.2,100.7,0.0,124,32,29.9
2024-08-19 19:08:29,1285,1020,1572,4226,931.8,46.7,77.5,44.5,27.3,4542,89.2,100.7,0.0,124,32,30.7
2024-08-19 19:08:30,1264,1020,1463,4325,799.9,40.0,77.5,44.5,27.3,4432,89.2,100.7,0.0,124,31,22.9
2024-08-19 19:08:31,1223,1020,1421,4300,799.9,40.1,77.7,44.5,27.3,4481,89.2,100.7,0.0,124,32,22.8
2024-08-19 19:08:32,1208,1020,1413,4314,797.7,40.1,77.7,44.3,27.3,4529,89.2,100.7,0.0,124,32,22.8
2024-08-19 19:08:33,1205,1020,1412,4064,782.3,40.0,77.7,44.3,27.3,4615,89.2,100.7,0.0,124,32,22.7
2024-08-19 19:08:34,1202,1020,1411,4190,793.4,40.0,77.9,44.3,27.2,4493,89.2,100.7,0.0,124,32,22.7
2024-08-19 19:08:35,1202,1020,1411,4187,789.0,40.0,77.9,44.3,27.4,4590,89.2,100.7,0.0,124,32,22.7
2024-08-19 19:08:36,1203,1020,1410,4186,789.0,40.0,78.1,44.3,27.4,4481,89.2,100.7,0.0,124,32,22.7
2024-08-19 19:08:37,1202,1020,1407,4069,795.6,40.1,78.2,44.3,27.3,4420,89.2,100.7,0.0,124,32,22.7
2024-08-19 19:08:38,1202,1020,1405,4098,793.4,40.0,78.2,44.1,27.4,4542,89.2,100.7,0.0,124,32,22.7
2024-08-19 19:08:39,1199,1020,1395,4061,786.7,39.7,78.4,44.1,27.4,4505,89.2,100.7,0.0,124,32,22.4
2024-08-19 19:08:40,1172,1020,1301,3955,720.8,35.4,78.6,44.1,27.3,4578,89.2,100.7,0.0,124,31,18.4
2024-08-19 19:08:41,1141,1020,1259,3752,718.6,35.4,78.8,44.1,27.4,4444,89.2,100.7,0.0,124,31,18.2
2024-08-19 19:08:42,1128,1020,1249,3729,714.2,35.4,78.8,44.1,27.3,4468,89.2,100.7,0.0,124,31,18.2
2024-08-19 19:08:43,1122,1020,1245,3507,720.8,35.4,79.0,44.1,27.3,4456,89.2,100.3,0.0,124,30,18.2
2024-08-19 19:08:44,1122,1020,1245,3626,714.2,35.5,79.0,44.1,27.1,4542,89.2,100.7,0.0,124,29,18.2
2024-08-19 19:08:45,1122,1020,1252,3657,718.6,35.5,79.0,44.1,27.3,4542,89.2,100.7,0.0,124,29,18.3
2024-08-19 19:08:46,1122,1020,1254,3556,720.8,35.4,79.0,44.1,27.4,4774,89.2,100.3,0.0,108,30,18.2
2024-08-19 19:08:47,1122,1020,1255,3610,712.0,35.4,79.0,44.1,27.4,4517,89.2,100.3,0.0,108,29,18.3
2024-08-19 19:08:48,1122,1020,1253,3630,718.6,35.4,78.8,44.1,27.3,4590,89.2,100.3,0.0,108,29,18.2
2024-08-19 19:08:49,1122,1020,1250,3481,718.6,35.3,78.6,44.1,27.4,4468,89.2,100.3,0.0,108,30,18.2
2024-08-19 19:08:50,1122,1020,1244,3655,707.6,34.4,78.4,44.1,27.2,4590,89.2,100.3,0.0,108,31,17.4
2024-08-19 19:08:51,1118,1020,1232,3644,705.4,34.3,78.2,44.1,27.2,4493,89.2,100.3,0.0,108,31,17.2
2024-08-19 19:08:52,1116,1020,1232,3553,709.8,34.4,78.1,44.1,27.1,4603,89.2,100.3,0.0,108,30,17.2
2024-08-19 19:08:53,1116,1020,1225,3516,696.6,34.3,78.1,44.1,27.2,4493,89.2,100.3,0.0,108,29,17.2
2024-08-19 19:08:54,1115,1020,1227,3515,701.0,34.3,77.9,44.1,27.3,4590,89.2,100.3,0.0,108,29,17.3
2024-08-19 19:08:55,1112,1020,1186,3550,654.9,28.7,77.9,44.1,27.2,4627,89.2,100.3,0.0,108,28,13.0
2024-08-19 19:08:56,1091,1020,1061,3267,619.7,27.3,77.7,44.1,27.4,4761,89.2,100.3,0.0,124,30,10.7
2024-08-19 19:08:57,1075,1020,999,2938,599.9,27.3,77.7,44.1,27.3,4578,89.2,100.3,0.0,124,30,10.2
2024-08-19 19:08:58,1067,1020,984,3080,597.7,27.3,77.7,44.3,27.2,4517,89.2,100.3,0.0,124,30,10.1
2024-08-19 19:08:59,1064,1020,980,2719,597.7,27.3,77.7,44.3,27.3,4664,89.2,100.3,0.0,124,30,10.1
2024-08-19 19:09:00,1064,1020,976,2670,595.5,27.3,77.7,44.3,27.2,4603,89.2,100.3,0.0,124,30,10.1
2024-08-19 19:09:01,1064,1020,971,2737,593.3,27.3,77.7,44.3,27.2,4603,89.0,100.3,0.0,124,32,10.0
2024-08-19 19:09:02,1063,1020,969,2690,597.7,27.3,77.9,44.3,27.4,4505,89.2,100.2,0.0,124,32,10.0
2024-08-19 19:09:03,1063,1020,969,2679,595.5,27.3,77.9,44.3,27.2,4590,89.0,100.2,0.0,124,32,10.0
2024-08-19 19:09:04,1062,1020,969,2638,597.7,27.3,77.9,44.3,27.3,4566,89.0,100.2,0.0,124,32,10.0
2024-08-19 19:09:05,1063,1020,968,2653,595.5,27.3,78.1,44.3,27.2,4615,89.0,100.2,0.0,124,32,10.0
2024-08-19 19:09:06,1063,1020,969,2741,595.5,27.3,78.1,44.3,27.1,4664,89.0,100.2,0.0,124,32,10.0
2024-08-19 19:09:07,1062,1020,972,2626,597.7,27.3,78.1,44.5,27.3,4542,89.0,100.2,0.0,124,30,10.0
2024-08-19 19:09:08,1063,1020,972,2670,602.1,27.3,78.1,44.5,27.4,4542,89.0,100.2,0.0,124,30,10.0
2024-08-19 19:09:09,1063,1020,1016,2605,670.3,37.4,78.2,44.5,27.4,4444,89.0,100.2,0.0,124,30,15.9
2024-08-19 19:09:10,1104,1020,1336,3268,817.5,42.8,78.2,44.5,27.5,4542,89.0,100.2,0.0,124,32,24.5
2024-08-19 19:09:11,1182,1020,1442,3779,819.7,42.1,78.2,44.5,27.4,4517,89.0,100.2,0.0,124,33,24.7
2024-08-19 19:09:12,1208,1020,1405,4057,747.2,36.5,78.2,44.5,27.4,4676,89.0,100.2,0.0,124,32,20.0
2024-08-19 19:09:13,1147,1020,1179,3766,643.9,27.8,78.2,44.5,27.2,4627,89.0,100.2,0.0,124,32,11.9
2024-08-19 19:09:14,1099,1018,1060,3259,617.5,27.6,78.2,44.5,27.2,4639,89.0,99.8,0.0,124,30,10.9
2024-08-19 19:09:15,1077,1020,1007,3072,608.7,27.7,78.2,44.5,27.2,4578,89.0,99.8,0.0,124,28,10.5
2024-08-19 19:09:16,1069,1020,969,3025,573.6,24.5,78.2,44.5,27.2,4566,89.0,99.8,0.0,124,28,8.4
2024-08-19 19:09:17,1061,1020,905,2774,567.0,24.1,78.2,44.5,27.2,4651,89.0,99.8,0.0,124,30,7.7
2024-08-19 19:09:18,1056,1020,888,2550,556.0,24.1,78.2,44.5,27.3,4566,89.0,99.8,0.0,124,31,7.6
2024-08-19 19:09:19,1055,1020,891,2495,567.0,24.1,78.2,44.7,27.3,4542,89.0,99.8,0.0,124,31,7.6
2024-08-19 19:09:20,1054,1020,886,2268,553.8,24.1,78.1,44.7,27.2,4615,89.0,99.8,0.0,124,32,7.6
2024-08-19 19:09:21,1053,1020,891,2213,560.4,24.1,78.1,44.7,27.2,4664,89.0,99.8,0.0,124,33,7.6
2024-08-19 19:09:22,1054,1020,889,2324,560.4,24.1,78.1,44.7,27.2,4664,89.0,99.8,0.0,124,33,7.6
2024-08-19 19:09:23,1052,1020,856,2396,525.2,20.1,78.1,44.7,27.2,4529,89.0,99.8,0.0,124,33,5.3
2024-08-19 19:09:24,1049,1020,834,2174,534.0,20.1,78.1,44.7,27.2,4639,89.0,99.8,0.0,124,32,6.1
2024-08-19 19:09:25,1049,1020,833,2117,527.4,20.1,78.1,44.7,27.1,4676,89.0,99.8,0.0,124,32,6.1
2024-08-19 19:09:26,1049,1020,833,2128,531.8,20.1,78.1,45.0,27.0,4639,89.0,99.8,0.0,124,33,6.1
2024-08-19 19:09:27,1048,1020,837,2121,536.2,20.1,78.1,45.0,27.2,4639,89.0,99.8,0.0,124,32,5.9
2024-08-19 19:09:28,1048,1020,834,2173,542.8,21.1,78.1,45.0,27.1,4700,88.8,99.8,0.0,124,32,6.2
2024-08-19 19:09:29,1051,1020,940,2382,610.9,29.3,77.9,45.0,27.2,4688,88.8,99.8,0.0,124,31,11.0
2024-08-19 19:09:30,1064,1020,1102,2629,687.9,35.7,77.9,45.0,27.4,4517,88.8,99.8,0.0,124,29,17.1
2024-08-19 19:09:31,1090,1020,1223,3196,716.4,35.8,77.9,45.2,27.2,4542,88.8,99.8,0.0,124,29,18.3
2024-08-19 19:09:32,1109,1020,1251,3502,714.2,35.7,77.9,45.2,27.3,4590,88.8,99.8,0.0,124,27,18.4
2024-08-19 19:09:33,1118,1020,1253,3677,716.4,35.7,77.9,45.2,27.3,4542,89.0,99.8,0.0,124,25,18.5
2024-08-19 19:09:34,1119,1020,1253,3680,725.2,35.7,77.9,45.2,27.4,4627,89.0,99.8,0.0,124,25,18.4
2024-08-19 19:09:35,1121,1020,1250,3583,701.0,34.4,77.7,45.2,27.4,4542,89.0,99.8,0.0,124,24,17.7
2024-08-19 19:09:36,1110,1020,1179,3493,668.1,30.9,77.7,45.2,27.2,4590,89.0,99.8,0.0,124,25,14.4
2024-08-19 19:09:37,1097,1020,1149,3396,659.3,30.9,77.7,45.2,27.4,4493,89.0,99.8,0.0,124,25,14.0
2024-08-19 19:09:38,1092,1020,1145,3376,665.9,30.9,77.7,45.2,27.2,4639,89.0,99.8,0.0,124,25,14.0
2024-08-19 19:09:39,1089,1020,1137,3322,657.1,31.0,77.7,45.2,27.3,4566,89.0,99.8,0.0,124,26,14.0
2024-08-19 19:09:40,1088,1020,1134,3334,652.7,30.9,77.7,45.2,27.4,4529,89.0,99.8,0.0,124,26,13.9
2024-08-19 19:09:41,1086,1020,1131,3290,661.5,30.9,77.7,45.2,27.2,4566,89.0,99.8,0.0,124,27,13.9
2024-08-19 19:09:42,1079,1020,1037,3243,595.5,26.4,77.7,45.2,27.2,4676,89.0,99.8,0.0,124,28,9.9
2024-08-19 19:09:43,1067,1020,934,2855,564.8,23.6,77.7,45.2,27.2,4590,89.0,99.8,0.0,124,30,7.5
2024-08-19 19:09:44,1058,1020,892,2651,553.8,23.7,77.9,45.2,27.2,4578,89.0,99.8,0.0,124,30,7.4
2024-08-19 19:09:45,1055,1020,887,2438,553.8,23.7,77.9,45.2,27.1,4542,89.0,99.8,0.0,124,31,7.3
2024-08-19 19:09:46,1052,1020,885,2440,556.0,23.7,77.9,45.2,27.3,4554,89.0,99.8,0.0,124,32,7.3
2024-08-19 19:09:47,1052,1020,888,2467,556.0,23.6,77.9,45.2,27.2,4432,89.0,99.8,0.0,124,32,7.3
2024-08-19 19:09:48,1052,1020,889,2511,551.6,23.7,77.9,45.2,27.3,4542,89.0,99.4,0.0,124,32,7.3
2024-08-19 19:09:49,1052,1020,885,2521,553.8,23.7,77.9,45.2,27.1,4566,88.8,99.4,0.0,124,33,7.3
2024-08-19 19:09:50,1052,1020,886,2616,556.0,23.6,77.9,45.2,27.1,4627,88.8,99.4,0.0,124,33,7.3
2024-08-19 19:09:51,1052,1020,885,2522,560.4,23.6,78.1,45.4,27.2,4627,88.8,99.3,0.0,124,33,7.3
2024-08-19 19:09:52,1052,1020,890,2436,562.6,23.7,78.1,45.4,27.1,4603,88.8,99.3,0.0,124,32,7.3
2024-08-19 19:09:53,1052,1020,886,2515,553.8,23.7,78.1,45.4,27.0,4676,88.8,99.3,0.0,124,32,7.3
2024-08-19 19:09:54,1052,1020,888,2374,558.2,23.6,78.1,45.4,27.2,4676,88.8,99.3,0.0,124,32,7.3
2024-08-19 19:09:55,1052,1020,882,2255,551.6,23.7,78.1,45.4,27.2,4651,88.8,99.3,0.0,124,32,7.3
2024-08-19 19:09:56,1052,1020,887,2150,562.6,23.6,78.1,45.4,27.2,4578,88.8,99.3,0.0,124,32,7.3
2024-08-19 19:09:57,1052,1020,885,2091,551.6,23.6,78.1,45.4,27.2,4603,88.8,99.3,0.0,124,32,7.3
2024-08-19 19:09:58,1052,1020,888,2066,556.0,23.6,78.1,45.6,27.3,4639,88.8,99.3,0.0,124,33,7.3
2024-08-19 19:09:59,1052,1020,883,2101,553.8,23.7,78.1,45.6,27.2,4688,88.8,99.3,0.0,124,33,7.3
2024-08-19 19:10:00,1052,1020,889,2074,558.2,23.7,78.1,45.6,27.2,4664,88.8,99.3,0.0,124,32,7.3
2024-08-19 19:10:01,1051,1020,886,2058,553.8,23.7,78.1,45.6,27.2,4712,88.8,99.3,0.0,124,32,7.3
2024-08-19 19:10:02,1051,1020,888,2087,560.4,23.7,78.1,45.6,27.2,4615,88.8,99.3,0.0,124,32,7.4
2024-08-19 19:10:03,1051,1020,886,2078,551.6,23.6,77.9,45.6,27.2,4639,88.8,98.9,0.0,124,31,7.3
2024-08-19 19:10:04,1051,1020,892,2219,560.4,23.7,77.9,45.6,27.3,4590,88.8,98.9,0.0,124,32,7.4
2024-08-19 19:10:05,1051,1020,890,2343,553.8,23.7,77.9,45.6,27.1,4676,88.8,98.9,0.0,124,32,7.3
2024-08-19 19:10:06,1051,1020,894,2505,556.0,23.6,77.9,45.6,27.2,4578,88.8,98.9,0.0,124,32,7.3
2024-08-19 19:10:07,1051,1020,888,2512,556.0,23.6,77.9,45.6,27.2,4493,88.8,98.9,0.0,124,33,7.3
2024-08-19 19:10:08,1051,1020,891,2549,562.6,26.0,77.9,45.8,27.3,4517,88.8,98.9,0.0,124,33,8.2
2024-08-19 19:10:09,1058,1020,1041,2461,646.1,32.4,77.9,45.8,27.3,4566,88.8,98.9,0.0,124,32,14.0
2024-08-19 19:10:10,1072,1020,1126,2953,668.1,32.4,77.7,45.8,27.2,4456,88.8,98.9,0.0,124,33,14.9
2024-08-19 19:10:11,1076,1020,1059,3121,608.7,26.9,77.7,45.8,27.2,4505,88.8,98.9,0.0,124,33,10.4
2024-08-19 19:10:12,1067,1020,994,2976,604.3,27.7,77.7,45.8,27.3,4566,88.8,98.9,0.0,124,33,10.4
2024-08-19 19:10:13,1064,1020,986,2859,604.3,27.8,77.7,45.8,27.4,4542,88.8,98.8,0.0,124,32,10.5
2024-08-19 19:10:14,1062,1020,985,2768,608.7,27.8,77.7,45.8,27.3,4627,88.8,98.8,0.0,124,31,10.5
2024-08-19 19:10:15,1061,1020,984,2991,602.1,27.8,77.7,45.8,27.1,4517,88.8,98.8,0.0,124,31,10.4
2024-08-19 19:10:16,1061,1020,981,3108,602.1,27.8,77.5,45.8,27.3,4627,88.8,98.9,0.0,124,30,10.4
2024-08-19 19:10:17,1061,1020,981,2813,604.3,27.8,77.5,45.8,27.3,4566,88.8,98.8,0.0,124,30,10.4
2024-08-19 19:10:18,1061,1020,984,2714,604.3,27.8,77.5,45.8,27.3,4651,88.8,98.8,0.0,124,30,10.4
2024-08-19 19:10:19,1061,1020,986,2920,599.9,27.8,77.5,45.8,27.2,4566,88.8,98.8,0.0,124,30,10.4
2024-08-19 19:10:20,1061,1020,985,2704,604.3,27.8,77.5,45.8,27.2,4529,88.8,98.8,0.0,124,31,10.5
2024-08-19 19:10:21,1061,1020,981,2570,608.7,27.8,77.5,45.8,27.3,4627,88.6,98.8,0.0,124,31,10.4
2024-08-19 19:10:22,1061,1020,985,2879,599.9,27.8,77.5,45.8,27.0,4712,88.6,98.8,0.0,124,32,10.4
2024-08-19 19:10:23,1061,1020,982,2744,595.5,27.8,77.5,46.1,27.4,4566,88.6,98.4,0.0,124,31,10.4
2024-08-19 19:10:24,1061,1020,985,2517,602.1,27.8,77.5,46.1,27.0,4627,88.6,98.4,0.0,124,31,10.5
2024-08-19 19:10:25,1061,1020,989,2609,604.3,27.8,77.5,46.1,27.3,4517,88.6,98.4,0.0,124,30,10.5
2024-08-19 19:10:26,1061,1020,990,2706,595.5,27.8,77.5,46.1,27.3,4505,88.6,98.4,0.0,124,33,10.5
2024-08-19 19:10:27,1061,1020,991,2814,602.1,27.8,77.5,46.1,27.3,4627,88.6,98.4,0.0,124,33,10.5
2024-08-19 19:10:28,1061,1020,992,2913,604.3,27.9,77.5,46.1,27.2,4529,88.6,98.4,0.0,124,38,10.6
2024-08-19 19:10:29,1061,1020,988,2683,602.1,27.8,77.5,46.1,27.3,4517,88.6,98.4,0.0,124,40,10.5
2024-08-19 19:10:30,1061,1020,985,2963,604.3,27.9,77.5,46.1,27.3,4517,88.6,98.4,0.0,124,40,10.5
2024-08-19 19:10:31,1061,1020,987,2795,604.3,27.9,77.5,46.1,27.1,4578,88.6,98.5,0.0,124,41,10.5
2024-08-19 19:10:32,1061,1020,1017,2840,632.9,31.2,77.5,46.1,27.3,4688,88.6,98.4,0.0,124,40,12.9
2024-08-19 19:10:33,1068,1020,1074,2984,654.9,31.3,77.7,46.1,27.3,4725,88.6,98.4,0.0,124,40,13.6
2024-08-19 19:10:34,1075,1020,1101,3062,654.9,31.2,77.7,46.1,27.4,4517,88.6,98.4,0.0,124,40,13.9
2024-08-19 19:10:35,1074,1020,1034,3047,599.9,26.5,77.7,46.1,27.3,4566,88.6,98.5,0.0,124,37,9.9
2024-08-19 19:10:36,1065,1020,975,2822,591.2,26.5,77.7,46.1,27.3,4529,88.6,98.5,0.0,124,37,9.5
2024-08-19 19:10:37,1061,1020,971,2762,613.1,29.5,77.7,46.1,27.2,4578,88.6,98.4,0.0,124,33,11.2
2024-08-19 19:10:38,1071,1020,1145,2817,703.2,35.7,77.7,46.1,27.3,4615,88.6,98.4,0.0,124,32,17.6
2024-08-19 19:10:39,1094,1020,1234,3297,723.0,35.7,77.7,46.1,27.4,4615,88.6,98.4,0.0,124,32,18.4
2024-08-19 19:10:40,1109,1020,1253,3624,720.8,35.6,77.7,46.1,27.4,4578,88.6,98.4,0.0,124,30,18.4
2024-08-19 19:10:41,1115,1020,1250,3530,720.8,35.6,77.7,46.1,27.3,4529,88.6,98.4,0.0,124,26,18.4
2024-08-19 19:10:42,1115,1020,1249,3701,718.6,35.6,77.7,46.1,27.2,4651,88.6,98.4,0.0,124,26,18.4
2024-08-19 19:10:43,1118,1020,1247,3650,718.6,35.6,77.7,46.1,27.4,4590,88.6,98.4,0.0,124,24,18.4
2024-08-19 19:10:44,1118,1020,1249,3621,716.4,35.6,77.7,46.1,27.2,4578,88.6,98.0,0.0,124,23,18.4
2024-08-19 19:10:45,1118,1020,1247,3749,723.0,35.7,77.7,46.1,27.3,4590,88.6,98.0,0.0,124,23,18.4
2024-08-19 19:10:46,1118,1020,1249,3701,718.6,35.6,77.7,46.1,27.2,4590,88.6,98.0,0.0,124,23,18.4
2024-08-19 19:10:47,1118,1020,1245,3530,703.2,34.2,77.7,46.1,27.4,4615,88.6,98.4,0.0,124,24,17.6
2024-08-19 19:10:48,1108,1020,1184,3478,676.9,31.7,77.7,46.1,27.1,4676,88.6,98.0,0.0,124,24,15.0
2024-08-19 19:10:49,1098,1020,1169,3480,679.1,31.7,77.9,46.1,27.2,4615,88.6,98.0,0.0,124,24,14.9
2024-08-19 19:10:50,1095,1020,1167,3358,676.9,31.7,77.9,46.1,27.4,4590,88.6,98.0,0.0,124,24,14.8
2024-08-19 19:10:51,1094,1020,1168,3335,672.5,31.7,77.9,46.1,27.4,4554,88.6,98.0,0.0,124,24,14.9
2024-08-19 19:10:52,1094,1018,1165,3410,679.1,31.7,77.9,46.1,27.3,4566,88.6,98.0,0.0,124,24,14.8
2024-08-19 19:10:53,1089,1020,1087,3261,610.9,25.3,77.9,45.8,27.2,4554,88.6,98.0,0.0,124,26,9.5
2024-08-19 19:10:54,1070,1020,964,2913,575.8,25.1,78.1,46.1,27.3,4517,88.6,98.0,0.0,124,28,8.6
2024-08-19 19:10:55,1061,1018,927,2678,573.6,25.0,78.1,45.8,27.2,4517,88.6,98.0,0.0,124,28,8.3
2024-08-19 19:10:56,1057,1020,917,2643,573.6,25.1,78.1,45.8,27.2,4517,88.6,98.0,0.0,124,29,8.3
2024-08-19 19:10:57,1055,1020,917,2625,571.4,25.1,78.1,45.8,27.1,4603,88.6,98.0,0.0,124,31,8.3
2024-08-19 19:10:58,1055,1020,914,2513,569.2,25.1,78.1,46.1,27.3,4676,88.6,98.0,0.0,124,31,8.3
2024-08-19 19:10:59,1055,1018,915,2472,569.2,25.1,78.1,46.1,27.3,4468,88.6,98.0,0.0,124,32,8.3
2024-08-19 19:11:00,1055,1020,914,2404,575.8,25.1,78.1,46.1,27.3,4639,88.6,98.0,0.0,124,33,8.3
2024-08-19 19:11:01,1054,1020,916,2527,571.4,25.1,78.1,46.1,27.4,4639,88.6,98.0,0.0,124,33,8.3
2024-08-19 19:11:02,1054,1018,917,2605,575.8,25.1,78.1,46.1,27.4,4554,88.6,98.0,0.0,124,36,8.3
2024-08-19 19:11:03,1054,1018,920,2639,571.4,25.1,78.1,46.1,27.3,4615,88.4,98.0,0.0,124,36,8.4
2024-08-19 19:11:04,1054,1020,918,2622,573.6,25.1,78.1,46.1,27.2,4578,88.6,98.0,0.0,124,36,8.3
2024-08-19 19:11:05,1054,1020,918,2683,573.6,25.1,78.1,46.1,27.3,4542,88.4,98.0,0.0,124,34,8.3
2024-08-19 19:11:06,1053,1020,920,2589,573.6,25.1,78.1,46.1,27.1,4578,88.4,98.0,0.0,124,33,8.4
2024-08-19 19:11:07,1053,1020,919,2483,578.0,25.1,78.1,46.1,27.0,4578,88.4,98.0,0.0,124,33,8.3
2024-08-19 19:11:08,1054,1020,918,2590,573.6,25.1,78.1,46.1,27.2,4627,88.4,98.0,0.0,124,33,8.3
2024-08-19 19:11:09,1054,1020,921,2454,580.2,25.1,78.1,46.3,27.3,4566,88.4,98.0,0.0,124,33,8.4
2024-08-19 19:11:10,1053,1020,922,2519,573.6,25.1,77.9,46.3,27.2,4566,88.4,98.0,0.0,124,33,8.4
2024-08-19 19:11:11,1056,1020,1051,2764,767.0,46.7,77.9,46.3,27.3,4749,88.4,97.9,0.0,124,33,22.9
2024-08-19 19:11:12,1135,1018,1462,3644,905.4,47.8,77.9,46.3,27.5,4529,88.4,97.9,0.0,124,33,29.5
2024-08-19 19:11:13,1257,1020,1554,4345,898.8,45.3,77.9,46.3,27.4,4456,88.4,97.9,0.0,124,33,28.9
2024-08-19 19:11:14,1283,1018,1523,4509,863.7,44.1,77.9,46.3,27.4,4566,88.4,97.9,0.0,124,33,27.0
2024-08-19 19:11:15,1284,1020,1523,4541,863.7,44.0,77.9,46.3,27.4,4395,88.4,97.9,0.0,124,33,27.0
2024-08-19 19:11:16,1283,1018,1508,4538,824.1,40.3,77.7,46.3,27.4,4578,88.4,97.9,0.0,124,33,24.0
2024-08-19 19:11:17,1218,1018,1366,4350,731.8,36.0,77.7,46.1,27.4,4615,88.4,97.5,0.0,124,32,19.1
2024-08-19 19:11:18,1160,1020,1285,3993,729.6,35.8,77.9,46.1,27.3,4603,88.6,97.5,0.0,124,32,18.7
2024-08-19 19:11:19,1135,1018,1261,3830,720.8,35.8,77.9,46.1,27.3,4566,88.6,97.5,0.0,124,30,18.6
2024-08-19 19:11:20,1125,1020,1255,3705,716.4,35.8,77.9,46.1,27.4,4615,88.4,97.5,0.0,124,30,18.5
2024-08-19 19:11:21,1122,1020,1255,3711,720.8,35.8,78.1,46.1,27.2,4542,88.6,97.5,0.0,124,28,18.5
2024-08-19 19:11:22,1122,1020,1239,3614,705.4,34.3,78.1,45.8,27.4,4493,88.6,97.5,0.0,124,28,17.2
2024-08-19 19:11:23,1116,1020,1226,3534,701.0,34.3,78.2,45.8,27.4,4566,88.6,97.5,0.0,124,28,17.2
2024-08-19 19:11:24,1113,1018,1224,3524,701.0,34.2,78.4,45.8,27.3,4578,88.6,97.5,0.0,124,30,17.2
2024-08-19 19:11:25,1113,1018,1218,3514,670.3,31.2,78.4,45.8,27.2,4688,88.6,97.5,0.0,124,30,15.0
2024-08-19 19:11:26,1101,1018,1149,3501,663.7,30.5,78.6,45.8,27.3,4578,88.6,97.5,0.0,124,30,13.8
2024-08-19 19:11:27,1092,1020,1129,3402,641.7,30.5,78.6,45.8,27.3,4712,88.6,97.5,0.0,124,30,13.5
2024-08-19 19:11:28,1087,1018,1121,3387,652.7,30.5,78.8,45.8,27.3,4590,88.6,97.5,0.0,124,31,13.5
2024-08-19 19:11:29,1086,1018,1113,3285,643.9,30.5,78.8,45.8,27.4,4566,88.6,97.5,0.0,124,31,13.4
2024-08-19 19:11:30,1083,1018,1105,3083,650.5,30.6,78.8,45.8,27.2,4615,88.6,97.5,0.0,124,31,13.4
2024-08-19 19:11:31,1083,1020,1101,3219,643.9,30.6,78.8,45.8,27.4,4554,88.6,97.5,0.0,124,34,13.3
2024-08-19 19:11:32,1082,1020,1094,3180,641.7,30.6,78.8,45.8,27.2,4603,88.6,97.5,0.0,124,34,13.3
2024-08-19 19:11:33,1081,1018,1094,3124,646.1,30.6,78.8,45.8,27.2,4590,88.6,97.5,0.0,124,36,13.2
2024-08-19 19:11:34,1079,1018,1094,3191,643.9,30.6,78.6,45.8,27.3,4517,88.6,97.5,0.0,124,37,13.3
2024-08-19 19:11:35,1080,1018,1093,3197,639.5,30.6,78.6,45.8,27.2,4493,88.6,97.5,0.0,124,37,13.3
2024-08-19 19:11:36,1079,1018,1097,3159,648.3,30.6,78.4,46.1,27.3,4566,88.6,97.5,0.0,124,37,13.3
2024-08-19 19:11:37,1079,1018,1094,3043,641.7,30.6,78.2,46.1,27.2,4505,88.6,97.5,0.0,124,36,13.3
2024-08-19 19:11:38,1080,1020,1091,3162,648.3,30.6,78.1,46.1,27.2,4542,88.6,97.5,0.0,124,36,13.3
2024-08-19 19:11:39,1079,1020,1093,3044,646.1,30.7,78.1,46.1,27.3,4566,88.4,97.5,0.0,124,35,13.3
2024-08-19 19:11:40,1079,1018,1093,3118,646.1,30.6,77.9,46.1,27.2,4554,88.6,97.5,0.0,124,32,13.3
2024-08-19 19:11:41,1079,1020,1095,3138,641.7,30.6,77.9,46.1,27.2,4542,88.4,97.5,0.0,124,32,13.3
2024-08-19 19:11:42,1079,1020,1095,3221,641.7,30.6,77.7,46.1,27.3,4566,88.4,97.5,0.0,124,31,13.3
2024-08-19 19:11:43,1079,1018,1097,3184,639.5,30.6,77.7,46.1,27.3,4542,88.4,97.5,0.0,124,30,13.4
2024-08-19 19:11:44,1079,1020,1092,3065,643.9,30.6,77.7,46.1,27.2,4578,88.4,97.5,0.0,124,30,13.3
2024-08-19 19:11:45,1079,1020,1095,3176,648.3,30.6,77.5,46.1,27.4,4603,88.4,97.5,0.0,124,30,13.3
2024-08-19 19:11:46,1079,1020,1097,3244,643.9,30.6,77.5,46.1,27.4,4529,88.4,97.5,0.0,124,30,13.3
2024-08-19 19:11:47,1079,1020,1094,3195,632.9,29.2,77.5,46.1,27.3,4554,88.4,97.5,0.0,124,30,12.4
2024-08-19 19:11:48,1074,1020,1018,2943,595.5,26.0,77.5,46.1,27.1,4688,88.4,97.5,0.0,124,30,9.6
2024-08-19 19:11:49,1064,1020,908,2775,547.2,21.3,77.7,46.1,27.1,4554,88.4,97.5,0.0,124,30,6.2
2024-08-19 19:11:50,1052,1020,796,2498,494.4,12.3,77.7,46.1,27.1,4627,88.4,97.5,0.0,124,30,4.8
2024-08-19 19:11:51,1044,1018,691,2098,410.9,0.0,77.7,46.1,27.0,4615,88.4,97.5,0.0,124,30,4.0
2024-08-19 19:11:52,1038,1020,707,1780,435.1,0.0,77.7,46.3,27.1,4578,88.4,97.5,0.0,124,30,4.2
2024-08-19 19:11:53,1037,1020,705,1733,430.7,0.0,77.7,46.3,27.0,4615,88.4,97.5,0.0,124,32,4.2
2024-08-19 19:11:54,1037,1018,705,1683,428.5,0.0,77.9,46.3,27.0,4590,88.4,97.5,0.0,124,32,4.2
2024-08-19 19:11:55,1036,1020,705,1698,432.9,0.0,77.9,46.3,27.1,4578,88.4,97.5,0.0,124,32,4.2
2024-08-19 19:11:56,1036,1018,707,1697,437.3,0.0,77.9,46.3,27.1,4651,88.4,97.5,0.0,124,32,4.1
2024-08-19 19:11:57,1036,1020,705,1693,432.9,0.0,77.9,46.3,27.1,4578,88.4,97.5,0.0,124,32,4.2
2024-08-19 19:11:58,1036,1020,704,1668,435.1,0.0,78.1,46.5,27.1,4578,88.2,97.5,0.0,124,32,4.3
2024-08-19 19:11:59,1036,1020,704,1697,435.1,0.0,78.1,46.5,27.0,4590,88.2,97.5,0.0,124,32,4.3
2024-08-19 19:12:00,1036,1020,706,1666,435.1,0.0,78.1,46.5,27.1,4590,88.2,97.5,0.0,124,32,4.2
2024-08-19 19:12:01,1036,1020,707,1753,435.1,0.0,78.1,46.5,27.0,4578,88.2,97.5,0.0,124,32,4.2
2024-08-19 19:12:02,1035,1018,708,1725,435.1,0.0,78.1,46.5,27.0,4578,88.2,97.1,0.0,124,32,4.2
2024-08-19 19:12:03,1036,1020,706,1753,430.7,0.0,78.1,46.5,27.0,4554,88.2,97.1,0.0,124,32,4.2
2024-08-19 19:12:04,1036,1020,707,1703,435.1,0.0,77.9,46.7,27.0,4554,88.2,97.5,0.0,124,32,4.2
2024-08-19 19:12:05,1036,1020,707,1751,432.9,0.0,78.1,46.7,27.0,4542,88.2,97.1,0.0,124,32,4.2
2024-08-19 19:12:06,1036,1020,707,1710,432.9,0.0,78.2,46.7,27.1,4542,88.2,97.1,0.0,124,32,4.2
2024-08-19 19:12:07,1036,1020,706,1764,437.3,0.0,78.1,46.7,27.1,4566,88.2,97.1,0.0,124,32,4.3
2024-08-19 19:12:08,1035,1020,706,1705,435.1,0.0,78.1,46.7,27.1,4542,88.2,97.1,0.0,124,32,4.2
2024-08-19 19:12:09,1036,1020,707,1769,430.7,0.0,78.1,47.0,27.1,4554,88.2,97.1,0.0,124,32,4.2
2024-08-19 19:12:10,1036,1020,707,1710,435.1,0.0,78.1,47.0,27.0,4554,88.2,97.1,0.0,124,32,4.2
2024-08-19 19:12:11,1035,1020,707,1769,435.1,0.0,78.1,47.0,27.0,4566,88.2,97.1,0.0,124,32,4.2
2024-08-19 19:12:12,1036,1020,707,1719,432.9,0.0,78.1,47.0,27.0,4603,88.2,97.1,0.0,124,32,4.2
2024-08-19 19:12:13,1036,1020,707,1774,432.9,0.0,78.1,47.0,27.0,4578,88.0,97.1,0.0,124,32,4.2
2024-08-19 19:12:14,1036,1020,706,1736,435.1,0.0,77.9,47.0,27.0,4554,88.0,97.1,0.0,124,32,4.2
2024-08-19 19:12:15,1034,1020,709,1785,435.1,0.0,77.9,47.2,27.1,4542,88.0,97.1,0.0,124,32,4.1
2024-08-19 19:12:16,1035,1020,705,1736,432.9,0.0,77.9,47.2,27.0,4578,88.0,97.1,0.0,124,32,4.3
2024-08-19 19:12:17,1034,1020,707,1775,435.1,0.0,77.9,47.2,27.1,4529,88.0,97.1,0.0,124,32,4.2
2024-08-19 19:12:18,1034,1020,706,1735,428.5,0.0,77.7,47.2,27.0,4566,88.0,97.1,0.0,124,32,4.2
2024-08-19 19:12:19,1034,1020,707,1782,437.3,0.0,77.7,47.2,27.0,4554,88.0,97.1,0.0,124,32,4.2
2024-08-19 19:12:20,1034,1020,706,1750,432.9,0.0,77.7,47.2,27.0,4566,88.0,97.1,0.0,124,32,4.3
2024-08-19 19:12:21,1034,1020,706,1780,430.7,0.0,77.7,47.2,26.9,4542,88.0,97.1,0.0,124,32,4.2
2024-08-19 19:12:22,1034,1020,705,1738,435.1,0.0,77.5,47.2,27.0,4590,88.0,97.1,0.0,124,32,4.3
2024-08-19 19:12:23,1034,1020,708,1778,435.1,0.0,77.5,47.4,27.0,4529,88.0,97.1,0.0,124,32,4.1
2024-08-19 19:12:24,1034,1020,707,1758,435.1,0.0,77.5,47.4,27.1,4590,88.0,97.1,0.0,124,32,4.2
2024-08-19 19:12:25,1034,1020,705,1776,430.7,0.0,77.5,47.4,27.0,4542,88.0,97.1,0.0,124,32,4.2
2024-08-19 19:12:26,1034,1020,708,1735,432.9,0.0,77.5,47.4,27.0,4615,88.0,97.1,0.0,124,32,4.1
2024-08-19 19:12:27,1034,1020,708,1753,432.9,0.0,77.3,47.4,27.1,4566,88.0,97.0,0.0,124,32,4.1
2024-08-19 19:12:28,1033,1020,714,1856,419.7,0.0,77.3,47.4,26.8,4603,88.0,97.0,0.0,124,32,2.9
2024-08-19 19:12:29,1031,1020,705,1903,408.7,0.0,77.3,47.4,27.0,4566,88.0,97.1,0.0,124,32,2.8
2024-08-19 19:12:30,1030,1020,707,1950,408.7,0.0,77.3,47.4,27.0,4505,88.0,97.0,0.0,124,32,2.7
2024-08-19 19:12:31,1028,1020,707,1928,406.5,0.0,77.3,47.4,27.1,4554,88.0,97.0,0.0,124,32,2.7
2024-08-19 19:12:32,1028,1020,708,1956,413.1,0.0,77.3,47.4,27.1,4578,88.0,97.0,0.0,124,32,2.6
2024-08-19 19:12:33,1028,1020,706,1919,410.9,0.0,77.3,47.6,27.1,4529,88.0,97.0,0.0,124,32,2.7
2024-08-19 19:12:34,1028,1020,710,1957,406.5,0.0,77.3,47.6,27.1,4517,88.0,97.0,0.0,124,32,2.5
2024-08-19 19:12:35,1028,1020,709,1911,408.7,0.0,77.3,47.6,27.0,4529,87.8,97.0,0.0,124,32,2.5
2024-08-19 19:12:36,1028,1020,706,1954,406.5,0.0,77.3,47.6,27.0,4529,87.8,97.0,0.0,124,32,2.7
2024-08-19 19:12:37,1028,1020,705,1922,408.7,0.0,77.3,47.6,26.9,4566,87.8,97.0,0.0,124,32,2.7
2024-08-19 19:12:38,1028,1020,704,1941,408.7,0.0,77.3,47.6,27.0,4529,87.8,97.0,0.0,124,32,2.8
2024-08-19 19:12:39,1028,1020,707,1939,408.7,0.0,77.3,47.6,27.1,4517,87.8,97.0,0.0,124,32,2.7
2024-08-19 19:12:40,1028,1020,708,1971,408.7,0.0,77.3,47.6,27.1,4529,87.8,97.0,0.0,124,32,2.6
2024-08-19 19:12:41,1028,1020,707,1924,410.9,0.0,77.3,47.6,27.0,4554,87.8,97.0,0.0,124,32,2.7
2024-08-19 19:12:42,1028,1020,704,1939,404.3,0.0,77.3,47.8,27.1,4493,87.8,97.0,0.0,124,32,2.8
2024-08-19 19:12:43,1028,1020,707,1917,410.9,0.0,77.3,47.8,26.9,4505,87.8,97.0,0.0,124,32,2.7
2024-08-19 19:12:44,1028,1020,705,1954,410.9,0.0,77.3,47.8,27.0,4529,87.8,96.6,0.0,124,32,2.7
2024-08-19 19:12:45,1028,1020,707,1929,408.7,0.0,77.3,47.8,27.0,4566,87.8,96.6,0.0,124,32,2.7
2024-08-19 19:12:46,1028,1020,707,1941,410.9,0.0,77.3,47.8,27.0,4517,87.8,96.6,0.0,124,32,2.8
2024-08-19 19:12:47,1028,1020,704,1933,410.9,0.0,77.3,47.8,26.9,4542,87.8,96.6,0.0,124,32,2.8
2024-08-19 19:12:48,1028,1020,707,1958,408.7,0.0,77.3,47.8,27.0,4529,87.8,96.6,0.0,124,32,2.7
2024-08-19 19:12:49,1028,1020,707,1922,408.7,0.0,77.1,47.8,27.1,4554,87.8,96.6,0.0,124,32,2.7
2024-08-19 19:12:50,1028,1020,706,1952,413.1,0.0,77.1,47.8,27.1,4554,87.8,96.6,0.0,124,32,2.8
2024-08-19 19:12:51,1028,1020,703,1921,404.3,0.0,77.1,47.8,27.0,4529,87.6,96.6,0.0,124,32,2.9
2024-08-19 19:12:52,1028,1020,707,1949,406.5,0.0,77.1,47.8,27.0,4542,87.6,96.6,0.0,124,32,2.7
2024-08-19 19:12:53,1028,1020,707,1931,410.9,0.0,77.1,47.8,27.1,4542,87.6,96.6,0.0,124,32,2.8
2024-08-19 19:12:54,1028,1020,707,1953,408.7,0.0,77.1,47.8,27.1,4603,87.6,96.6,0.0,124,32,2.7
2024-08-19 19:12:55,1028,1020,705,1955,406.5,0.0,77.1,47.8,26.9,4529,87.6,96.6,0.0,124,32,2.8
2024-08-19 19:12:56,1028,1020,707,1967,410.9,0.0,77.1,48.1,27.0,4505,87.6,96.6,0.0,124,32,2.7
2024-08-19 19:12:57,1028,1020,707,1922,410.9,0.0,77.1,47.8,27.1,4505,87.6,96.6,0.0,124,32,2.7
2024-08-19 19:12:58,1028,1020,705,1951,410.9,0.0,77.1,48.1,27.1,4554,87.6,96.6,0.0,124,32,2.8
2024-08-19 19:12:59,1028,1020,708,1922,408.7,0.0,77.1,48.1,27.0,4505,87.6,96.6,0.0,124,32,2.7
2024-08-19 19:13:00,1028,1020,704,1948,402.1,0.0,77.1,48.1,27.0,4493,87.6,96.6,0.0,124,32,2.9
2024-08-19 19:13:01,1028,1020,707,1921,404.3,0.0,77.1,48.1,27.0,4517,87.6,96.6,0.0,124,32,2.7
2024-08-19 19:13:02,1027,1020,645,1808,353.8,0.0,77.1,48.1,25.1,4407,87.6,96.6,0.0,124,32,0.5
2024-08-19 19:13:03,1022,1020,514,1641,285.6,0.0,77.1,48.1,24.9,4420,87.4,96.6,0.0,124,32,0.0
2024-08-19 19:13:04,1015,1020,332,1275,254.9,0.0,77.1,48.1,24.9,4285,87.4,96.6,0.0,116,32,0.0
